{
  "dataset_revision": "ebfcd844eadd3d667efa3c57fc5c8c87f5c2867e",
  "task_name": "AILAStatutes",
  "mteb_version": "1.38.9",
  "scores": {
    "test": [
      {
        "ndcg_at_1": 0.36,
        "ndcg_at_3": 0.35797,
        "ndcg_at_5": 0.32541,
        "ndcg_at_10": 0.39479,
        "ndcg_at_20": 0.47359,
        "ndcg_at_100": 0.58274,
        "ndcg_at_1000": 0.58274,
        "map_at_1": 0.084,
        "map_at_3": 0.18167,
        "map_at_5": 0.22237,
        "map_at_10": 0.26512,
        "map_at_20": 0.30014,
        "map_at_100": 0.33651,
        "map_at_1000": 0.33651,
        "recall_at_1": 0.084,
        "recall_at_3": 0.24567,
        "recall_at_5": 0.31267,
        "recall_at_10": 0.446,
        "recall_at_20": 0.639,
        "recall_at_100": 1.0,
        "recall_at_1000": 1.0,
        "precision_at_1": 0.36,
        "precision_at_3": 0.34667,
        "precision_at_5": 0.268,
        "precision_at_10": 0.194,
        "precision_at_20": 0.141,
        "precision_at_100": 0.0434,
        "precision_at_1000": 0.00434,
        "mrr_at_1": 0.36,
        "mrr_at_3": 0.526667,
        "mrr_at_5": 0.531667,
        "mrr_at_10": 0.547913,
        "mrr_at_20": 0.55689,
        "mrr_at_100": 0.55689,
        "mrr_at_1000": 0.55689,
        "nauc_ndcg_at_1_max": 0.317325,
        "nauc_ndcg_at_1_std": 0.068073,
        "nauc_ndcg_at_1_diff1": 0.113053,
        "nauc_ndcg_at_3_max": 0.461791,
        "nauc_ndcg_at_3_std": 0.180715,
        "nauc_ndcg_at_3_diff1": 0.290858,
        "nauc_ndcg_at_5_max": 0.467738,
        "nauc_ndcg_at_5_std": 0.155926,
        "nauc_ndcg_at_5_diff1": 0.300732,
        "nauc_ndcg_at_10_max": 0.415949,
        "nauc_ndcg_at_10_std": 0.157298,
        "nauc_ndcg_at_10_diff1": 0.277375,
        "nauc_ndcg_at_20_max": 0.427122,
        "nauc_ndcg_at_20_std": 0.234616,
        "nauc_ndcg_at_20_diff1": 0.206147,
        "nauc_ndcg_at_100_max": 0.443767,
        "nauc_ndcg_at_100_std": 0.205042,
        "nauc_ndcg_at_100_diff1": 0.257317,
        "nauc_ndcg_at_1000_max": 0.443767,
        "nauc_ndcg_at_1000_std": 0.205042,
        "nauc_ndcg_at_1000_diff1": 0.257317,
        "nauc_map_at_1_max": 0.314718,
        "nauc_map_at_1_std": 0.030669,
        "nauc_map_at_1_diff1": 0.048061,
        "nauc_map_at_3_max": 0.467946,
        "nauc_map_at_3_std": 0.130502,
        "nauc_map_at_3_diff1": 0.295791,
        "nauc_map_at_5_max": 0.475819,
        "nauc_map_at_5_std": 0.119913,
        "nauc_map_at_5_diff1": 0.325857,
        "nauc_map_at_10_max": 0.447258,
        "nauc_map_at_10_std": 0.123504,
        "nauc_map_at_10_diff1": 0.308455,
        "nauc_map_at_20_max": 0.447821,
        "nauc_map_at_20_std": 0.16974,
        "nauc_map_at_20_diff1": 0.268508,
        "nauc_map_at_100_max": 0.457582,
        "nauc_map_at_100_std": 0.172188,
        "nauc_map_at_100_diff1": 0.286174,
        "nauc_map_at_1000_max": 0.457582,
        "nauc_map_at_1000_std": 0.172188,
        "nauc_map_at_1000_diff1": 0.286174,
        "nauc_recall_at_1_max": 0.314718,
        "nauc_recall_at_1_std": 0.030669,
        "nauc_recall_at_1_diff1": 0.048061,
        "nauc_recall_at_3_max": 0.477163,
        "nauc_recall_at_3_std": 0.146955,
        "nauc_recall_at_3_diff1": 0.31657,
        "nauc_recall_at_5_max": 0.453393,
        "nauc_recall_at_5_std": 0.146702,
        "nauc_recall_at_5_diff1": 0.322766,
        "nauc_recall_at_10_max": 0.343249,
        "nauc_recall_at_10_std": 0.145487,
        "nauc_recall_at_10_diff1": 0.270917,
        "nauc_recall_at_20_max": 0.280427,
        "nauc_recall_at_20_std": 0.308427,
        "nauc_recall_at_20_diff1": 0.027303,
        "nauc_recall_at_100_max": NaN,
        "nauc_recall_at_100_std": NaN,
        "nauc_recall_at_100_diff1": NaN,
        "nauc_recall_at_1000_max": NaN,
        "nauc_recall_at_1000_std": NaN,
        "nauc_recall_at_1000_diff1": NaN,
        "nauc_precision_at_1_max": 0.317325,
        "nauc_precision_at_1_std": 0.068073,
        "nauc_precision_at_1_diff1": 0.113053,
        "nauc_precision_at_3_max": 0.5167,
        "nauc_precision_at_3_std": 0.244386,
        "nauc_precision_at_3_diff1": 0.371541,
        "nauc_precision_at_5_max": 0.459142,
        "nauc_precision_at_5_std": 0.205193,
        "nauc_precision_at_5_diff1": 0.338465,
        "nauc_precision_at_10_max": 0.309753,
        "nauc_precision_at_10_std": 0.188236,
        "nauc_precision_at_10_diff1": 0.254139,
        "nauc_precision_at_20_max": 0.244308,
        "nauc_precision_at_20_std": 0.301063,
        "nauc_precision_at_20_diff1": 0.046796,
        "nauc_precision_at_100_max": 0.058799,
        "nauc_precision_at_100_std": 0.224932,
        "nauc_precision_at_100_diff1": 0.117726,
        "nauc_precision_at_1000_max": 0.058799,
        "nauc_precision_at_1000_std": 0.224932,
        "nauc_precision_at_1000_diff1": 0.117726,
        "nauc_mrr_at_1_max": 0.317325,
        "nauc_mrr_at_1_std": 0.068073,
        "nauc_mrr_at_1_diff1": 0.113053,
        "nauc_mrr_at_3_max": 0.437318,
        "nauc_mrr_at_3_std": 0.161759,
        "nauc_mrr_at_3_diff1": 0.221431,
        "nauc_mrr_at_5_max": 0.430623,
        "nauc_mrr_at_5_std": 0.18266,
        "nauc_mrr_at_5_diff1": 0.218166,
        "nauc_mrr_at_10_max": 0.4069,
        "nauc_mrr_at_10_std": 0.161142,
        "nauc_mrr_at_10_diff1": 0.207029,
        "nauc_mrr_at_20_max": 0.40822,
        "nauc_mrr_at_20_std": 0.155244,
        "nauc_mrr_at_20_diff1": 0.205786,
        "nauc_mrr_at_100_max": 0.40822,
        "nauc_mrr_at_100_std": 0.155244,
        "nauc_mrr_at_100_diff1": 0.205786,
        "nauc_mrr_at_1000_max": 0.40822,
        "nauc_mrr_at_1000_std": 0.155244,
        "nauc_mrr_at_1000_diff1": 0.205786,
        "main_score": 0.39479,
        "hf_subset": "default",
        "languages": [
          "eng-Latn"
        ]
      }
    ]
  },
  "evaluation_time": 6.184194564819336,
  "kg_co2_emissions": null
}