{
  "dataset_revision": "65393d0d7a08a10b4e348135e824f385d420b0fd",
  "task_name": "AlloprofReranking",
  "mteb_version": "1.38.9",
  "scores": {
    "test": [
      {
        "map": 0.797083,
        "mrr": 0.808427,
        "nAUC_map_max": 0.195902,
        "nAUC_map_std": 0.163385,
        "nAUC_map_diff1": 0.614619,
        "nAUC_mrr_max": 0.195106,
        "nAUC_mrr_std": 0.153781,
        "nAUC_mrr_diff1": 0.608742,
        "main_score": 0.797083,
        "hf_subset": "default",
        "languages": [
          "fra-Latn"
        ]
      }
    ]
  },
  "evaluation_time": 139.35186529159546,
  "kg_co2_emissions": null
}