{
  "dataset_revision": "c22ab2a51041ffd869aaddef7af8d8215647e41a",
  "task_name": "ArguAna",
  "mteb_version": "1.38.9",
  "scores": {
    "test": [
      {
        "ndcg_at_1": 0.3101,
        "ndcg_at_3": 0.45311,
        "ndcg_at_5": 0.5071,
        "ndcg_at_10": 0.56927,
        "ndcg_at_20": 0.59023,
        "ndcg_at_100": 0.59694,
        "ndcg_at_1000": 0.59752,
        "map_at_1": 0.3101,
        "map_at_3": 0.41797,
        "map_at_5": 0.44798,
        "map_at_10": 0.47382,
        "map_at_20": 0.47981,
        "map_at_100": 0.48088,
        "map_at_1000": 0.48091,
        "recall_at_1": 0.3101,
        "recall_at_3": 0.55477,
        "recall_at_5": 0.68563,
        "recall_at_10": 0.87696,
        "recall_at_20": 0.95804,
        "recall_at_100": 0.99218,
        "recall_at_1000": 0.99644,
        "precision_at_1": 0.3101,
        "precision_at_3": 0.18492,
        "precision_at_5": 0.13713,
        "precision_at_10": 0.0877,
        "precision_at_20": 0.0479,
        "precision_at_100": 0.00992,
        "precision_at_1000": 0.001,
        "mrr_at_1": 0.315078,
        "mrr_at_3": 0.419986,
        "mrr_at_5": 0.449964,
        "mrr_at_10": 0.475718,
        "mrr_at_20": 0.481776,
        "mrr_at_100": 0.482842,
        "mrr_at_1000": 0.482872,
        "nauc_ndcg_at_1_max": -0.105655,
        "nauc_ndcg_at_1_std": -0.113178,
        "nauc_ndcg_at_1_diff1": 0.065408,
        "nauc_ndcg_at_3_max": -0.06885,
        "nauc_ndcg_at_3_std": -0.129555,
        "nauc_ndcg_at_3_diff1": 0.046029,
        "nauc_ndcg_at_5_max": -0.066406,
        "nauc_ndcg_at_5_std": -0.1152,
        "nauc_ndcg_at_5_diff1": 0.051106,
        "nauc_ndcg_at_10_max": -0.058425,
        "nauc_ndcg_at_10_std": -0.113516,
        "nauc_ndcg_at_10_diff1": 0.051491,
        "nauc_ndcg_at_20_max": -0.064961,
        "nauc_ndcg_at_20_std": -0.114684,
        "nauc_ndcg_at_20_diff1": 0.052721,
        "nauc_ndcg_at_100_max": -0.070396,
        "nauc_ndcg_at_100_std": -0.11626,
        "nauc_ndcg_at_100_diff1": 0.055534,
        "nauc_ndcg_at_1000_max": -0.071727,
        "nauc_ndcg_at_1000_std": -0.11647,
        "nauc_ndcg_at_1000_diff1": 0.054005,
        "nauc_map_at_1_max": -0.105655,
        "nauc_map_at_1_std": -0.113178,
        "nauc_map_at_1_diff1": 0.065408,
        "nauc_map_at_3_max": -0.077393,
        "nauc_map_at_3_std": -0.126598,
        "nauc_map_at_3_diff1": 0.050414,
        "nauc_map_at_5_max": -0.076712,
        "nauc_map_at_5_std": -0.118803,
        "nauc_map_at_5_diff1": 0.053391,
        "nauc_map_at_10_max": -0.074955,
        "nauc_map_at_10_std": -0.118991,
        "nauc_map_at_10_diff1": 0.053079,
        "nauc_map_at_20_max": -0.076781,
        "nauc_map_at_20_std": -0.119343,
        "nauc_map_at_20_diff1": 0.053268,
        "nauc_map_at_100_max": -0.077466,
        "nauc_map_at_100_std": -0.119636,
        "nauc_map_at_100_diff1": 0.053742,
        "nauc_map_at_1000_max": -0.077518,
        "nauc_map_at_1000_std": -0.11963,
        "nauc_map_at_1000_diff1": 0.053685,
        "nauc_recall_at_1_max": -0.105655,
        "nauc_recall_at_1_std": -0.113178,
        "nauc_recall_at_1_diff1": 0.065408,
        "nauc_recall_at_3_max": -0.043479,
        "nauc_recall_at_3_std": -0.137958,
        "nauc_recall_at_3_diff1": 0.033056,
        "nauc_recall_at_5_max": -0.029247,
        "nauc_recall_at_5_std": -0.099295,
        "nauc_recall_at_5_diff1": 0.043973,
        "nauc_recall_at_10_max": 0.076887,
        "nauc_recall_at_10_std": -0.060972,
        "nauc_recall_at_10_diff1": 0.045759,
        "nauc_recall_at_20_max": 0.180761,
        "nauc_recall_at_20_std": 0.009334,
        "nauc_recall_at_20_diff1": 0.070175,
        "nauc_recall_at_100_max": 0.374266,
        "nauc_recall_at_100_std": 0.344505,
        "nauc_recall_at_100_diff1": 0.517846,
        "nauc_recall_at_1000_max": 0.250675,
        "nauc_recall_at_1000_std": 0.734355,
        "nauc_recall_at_1000_diff1": 0.307524,
        "nauc_precision_at_1_max": -0.105655,
        "nauc_precision_at_1_std": -0.113178,
        "nauc_precision_at_1_diff1": 0.065408,
        "nauc_precision_at_3_max": -0.043479,
        "nauc_precision_at_3_std": -0.137958,
        "nauc_precision_at_3_diff1": 0.033056,
        "nauc_precision_at_5_max": -0.029247,
        "nauc_precision_at_5_std": -0.099295,
        "nauc_precision_at_5_diff1": 0.043973,
        "nauc_precision_at_10_max": 0.076887,
        "nauc_precision_at_10_std": -0.060972,
        "nauc_precision_at_10_diff1": 0.045759,
        "nauc_precision_at_20_max": 0.180761,
        "nauc_precision_at_20_std": 0.009334,
        "nauc_precision_at_20_diff1": 0.070175,
        "nauc_precision_at_100_max": 0.374266,
        "nauc_precision_at_100_std": 0.344505,
        "nauc_precision_at_100_diff1": 0.517846,
        "nauc_precision_at_1000_max": 0.250675,
        "nauc_precision_at_1000_std": 0.734355,
        "nauc_precision_at_1000_diff1": 0.307524,
        "nauc_mrr_at_1_max": -0.108154,
        "nauc_mrr_at_1_std": -0.106035,
        "nauc_mrr_at_1_diff1": 0.050948,
        "nauc_mrr_at_3_max": -0.086322,
        "nauc_mrr_at_3_std": -0.123523,
        "nauc_mrr_at_3_diff1": 0.034852,
        "nauc_mrr_at_5_max": -0.085659,
        "nauc_mrr_at_5_std": -0.117811,
        "nauc_mrr_at_5_diff1": 0.038099,
        "nauc_mrr_at_10_max": -0.083684,
        "nauc_mrr_at_10_std": -0.11698,
        "nauc_mrr_at_10_diff1": 0.037284,
        "nauc_mrr_at_20_max": -0.085391,
        "nauc_mrr_at_20_std": -0.117404,
        "nauc_mrr_at_20_diff1": 0.037483,
        "nauc_mrr_at_100_max": -0.086116,
        "nauc_mrr_at_100_std": -0.117689,
        "nauc_mrr_at_100_diff1": 0.037898,
        "nauc_mrr_at_1000_max": -0.086169,
        "nauc_mrr_at_1000_std": -0.117683,
        "nauc_mrr_at_1000_diff1": 0.03784,
        "main_score": 0.56927,
        "hf_subset": "default",
        "languages": [
          "eng-Latn"
        ]
      }
    ]
  },
  "evaluation_time": 266.92884945869446,
  "kg_co2_emissions": null
}