{
  "dataset_revision": "e39ff896cf3efbbdeeb950e6bd7c79f266995b07",
  "task_name": "Core17InstructionRetrieval",
  "mteb_version": "1.38.9",
  "scores": {
    "test": [
      {
        "p-MRR": -0.026233,
        "individual": {
          "original": {
            "ndcg_at_1": 0.075,
            "ndcg_at_3": 0.13669,
            "ndcg_at_5": 0.13668,
            "ndcg_at_10": 0.15405,
            "ndcg_at_20": 0.18382,
            "ndcg_at_100": 0.28432,
            "ndcg_at_1000": 0.49777,
            "map_at_1": 0.00351,
            "map_at_3": 0.01838,
            "map_at_5": 0.02339,
            "map_at_10": 0.03787,
            "map_at_20": 0.06199,
            "map_at_100": 0.1122,
            "map_at_1000": 0.15701,
            "recall_at_1": 0.00351,
            "recall_at_3": 0.02654,
            "recall_at_5": 0.03825,
            "recall_at_10": 0.07347,
            "recall_at_20": 0.13793,
            "recall_at_100": 0.38346,
            "recall_at_1000": 1.0,
            "precision_at_1": 0.15,
            "precision_at_3": 0.2,
            "precision_at_5": 0.19,
            "precision_at_10": 0.195,
            "precision_at_20": 0.1925,
            "precision_at_100": 0.122,
            "precision_at_1000": 0.0327,
            "naucs_at_1_max": -0.171555,
            "naucs_at_1_std": 0.066223,
            "naucs_at_1_diff1": -0.171555,
            "naucs_at_3_max": 0.056002,
            "naucs_at_3_std": -0.112785,
            "naucs_at_3_diff1": 0.063677,
            "naucs_at_5_max": 0.058865,
            "naucs_at_5_std": -0.162979,
            "naucs_at_5_diff1": 0.039523,
            "naucs_at_10_max": 0.056636,
            "naucs_at_10_std": -0.136188,
            "naucs_at_10_diff1": 0.030562,
            "naucs_at_20_max": 0.055446,
            "naucs_at_20_std": -0.134731,
            "naucs_at_20_diff1": 0.036506,
            "naucs_at_100_max": 0.048531,
            "naucs_at_100_std": -0.126298,
            "naucs_at_100_diff1": 0.028542,
            "naucs_at_1000_max": 0.048531,
            "naucs_at_1000_std": -0.126298,
            "naucs_at_1000_diff1": 0.028542,
            "mrr_at_1": 0.15,
            "mrr_at_3": 0.216667,
            "mrr_at_5": 0.259167,
            "mrr_at_10": 0.28256,
            "mrr_at_20": 0.287969,
            "mrr_at_100": 0.293943,
            "mrr_at_1000": 0.293943
          },
          "changed": {
            "ndcg_at_1": 0.375,
            "ndcg_at_3": 0.3898,
            "ndcg_at_5": 0.39052,
            "ndcg_at_10": 0.37791,
            "ndcg_at_20": 0.38957,
            "ndcg_at_100": 0.42523,
            "ndcg_at_1000": 0.65296,
            "map_at_1": 0.01031,
            "map_at_3": 0.02956,
            "map_at_5": 0.04455,
            "map_at_10": 0.08038,
            "map_at_20": 0.12867,
            "map_at_100": 0.2279,
            "map_at_1000": 0.29824,
            "recall_at_1": 0.01031,
            "recall_at_3": 0.03497,
            "recall_at_5": 0.05578,
            "recall_at_10": 0.1028,
            "recall_at_20": 0.18375,
            "recall_at_100": 0.44281,
            "recall_at_1000": 1.0,
            "precision_at_1": 0.5,
            "precision_at_3": 0.5,
            "precision_at_5": 0.49,
            "precision_at_10": 0.435,
            "precision_at_20": 0.415,
            "precision_at_100": 0.2305,
            "precision_at_1000": 0.0545,
            "naucs_at_1_max": 0.247435,
            "naucs_at_1_std": 0.434577,
            "naucs_at_1_diff1": 0.337375,
            "naucs_at_3_max": 0.365817,
            "naucs_at_3_std": 0.261053,
            "naucs_at_3_diff1": 0.458713,
            "naucs_at_5_max": 0.327916,
            "naucs_at_5_std": 0.299626,
            "naucs_at_5_diff1": 0.46994,
            "naucs_at_10_max": 0.322432,
            "naucs_at_10_std": 0.290216,
            "naucs_at_10_diff1": 0.470968,
            "naucs_at_20_max": 0.322432,
            "naucs_at_20_std": 0.290216,
            "naucs_at_20_diff1": 0.470968,
            "naucs_at_100_max": 0.324709,
            "naucs_at_100_std": 0.293983,
            "naucs_at_100_diff1": 0.467863,
            "naucs_at_1000_max": 0.324709,
            "naucs_at_1000_std": 0.293983,
            "naucs_at_1000_diff1": 0.467863,
            "mrr_at_1": 0.5,
            "mrr_at_3": 0.608333,
            "mrr_at_5": 0.633333,
            "mrr_at_10": 0.638889,
            "mrr_at_20": 0.638889,
            "mrr_at_100": 0.641166,
            "mrr_at_1000": 0.641166
          }
        },
        "main_score": -0.026233,
        "hf_subset": "default",
        "languages": [
          "eng-Latn"
        ]
      }
    ]
  },
  "evaluation_time": 1902.5072002410889,
  "kg_co2_emissions": null
}