{
  "dataset_revision": "1271c7809071a13532e05f25fb53511ffce77117",
  "task_name": "CovidRetrieval",
  "mteb_version": "1.38.9",
  "scores": {
    "dev": [
      {
        "ndcg_at_1": 0.73762,
        "ndcg_at_3": 0.82157,
        "ndcg_at_5": 0.83844,
        "ndcg_at_10": 0.85002,
        "ndcg_at_20": 0.85415,
        "ndcg_at_100": 0.85805,
        "ndcg_at_1000": 0.85881,
        "map_at_1": 0.73419,
        "map_at_3": 0.80032,
        "map_at_5": 0.81006,
        "map_at_10": 0.81522,
        "map_at_20": 0.81643,
        "map_at_100": 0.81703,
        "map_at_1000": 0.81705,
        "recall_at_1": 0.73419,
        "recall_at_3": 0.88119,
        "recall_at_5": 0.9215,
        "recall_at_10": 0.95574,
        "recall_at_20": 0.97155,
        "recall_at_100": 0.99157,
        "recall_at_1000": 0.99789,
        "precision_at_1": 0.73762,
        "precision_at_3": 0.29575,
        "precision_at_5": 0.18588,
        "precision_at_10": 0.09663,
        "precision_at_20": 0.0491,
        "precision_at_100": 0.01002,
        "precision_at_1000": 0.00101,
        "mrr_at_1": 0.737619,
        "mrr_at_3": 0.801897,
        "mrr_at_5": 0.811222,
        "mrr_at_10": 0.815831,
        "mrr_at_20": 0.817039,
        "mrr_at_100": 0.817642,
        "mrr_at_1000": 0.817663,
        "nauc_ndcg_at_1_max": 0.365826,
        "nauc_ndcg_at_1_std": -0.462043,
        "nauc_ndcg_at_1_diff1": 0.839291,
        "nauc_ndcg_at_3_max": 0.328372,
        "nauc_ndcg_at_3_std": -0.563484,
        "nauc_ndcg_at_3_diff1": 0.80443,
        "nauc_ndcg_at_5_max": 0.358482,
        "nauc_ndcg_at_5_std": -0.547669,
        "nauc_ndcg_at_5_diff1": 0.811428,
        "nauc_ndcg_at_10_max": 0.366981,
        "nauc_ndcg_at_10_std": -0.52305,
        "nauc_ndcg_at_10_diff1": 0.812967,
        "nauc_ndcg_at_20_max": 0.369002,
        "nauc_ndcg_at_20_std": -0.507313,
        "nauc_ndcg_at_20_diff1": 0.812361,
        "nauc_ndcg_at_100_max": 0.368827,
        "nauc_ndcg_at_100_std": -0.506016,
        "nauc_ndcg_at_100_diff1": 0.815406,
        "nauc_ndcg_at_1000_max": 0.365984,
        "nauc_ndcg_at_1000_std": -0.509973,
        "nauc_ndcg_at_1000_diff1": 0.816147,
        "nauc_map_at_1_max": 0.364698,
        "nauc_map_at_1_std": -0.469139,
        "nauc_map_at_1_diff1": 0.843795,
        "nauc_map_at_3_max": 0.340862,
        "nauc_map_at_3_std": -0.534837,
        "nauc_map_at_3_diff1": 0.815962,
        "nauc_map_at_5_max": 0.357466,
        "nauc_map_at_5_std": -0.52398,
        "nauc_map_at_5_diff1": 0.819234,
        "nauc_map_at_10_max": 0.361418,
        "nauc_map_at_10_std": -0.513619,
        "nauc_map_at_10_diff1": 0.819785,
        "nauc_map_at_20_max": 0.362048,
        "nauc_map_at_20_std": -0.509833,
        "nauc_map_at_20_diff1": 0.819624,
        "nauc_map_at_100_max": 0.361959,
        "nauc_map_at_100_std": -0.509701,
        "nauc_map_at_100_diff1": 0.820055,
        "nauc_map_at_1000_max": 0.361889,
        "nauc_map_at_1000_std": -0.509805,
        "nauc_map_at_1000_diff1": 0.820072,
        "nauc_recall_at_1_max": 0.364698,
        "nauc_recall_at_1_std": -0.469139,
        "nauc_recall_at_1_diff1": 0.843795,
        "nauc_recall_at_3_max": 0.263691,
        "nauc_recall_at_3_std": -0.700994,
        "nauc_recall_at_3_diff1": 0.757861,
        "nauc_recall_at_5_max": 0.366327,
        "nauc_recall_at_5_std": -0.700362,
        "nauc_recall_at_5_diff1": 0.769833,
        "nauc_recall_at_10_max": 0.437371,
        "nauc_recall_at_10_std": -0.603883,
        "nauc_recall_at_10_diff1": 0.755394,
        "nauc_recall_at_20_max": 0.504104,
        "nauc_recall_at_20_std": -0.369258,
        "nauc_recall_at_20_diff1": 0.71549,
        "nauc_recall_at_100_max": 0.822933,
        "nauc_recall_at_100_std": 0.068197,
        "nauc_recall_at_100_diff1": 0.716907,
        "nauc_recall_at_1000_max": 0.795717,
        "nauc_recall_at_1000_std": -0.102491,
        "nauc_recall_at_1000_diff1": 0.795717,
        "nauc_precision_at_1_max": 0.365826,
        "nauc_precision_at_1_std": -0.462043,
        "nauc_precision_at_1_diff1": 0.839291,
        "nauc_precision_at_3_max": 0.248779,
        "nauc_precision_at_3_std": -0.627066,
        "nauc_precision_at_3_diff1": 0.677504,
        "nauc_precision_at_5_max": 0.322797,
        "nauc_precision_at_5_std": -0.523543,
        "nauc_precision_at_5_diff1": 0.585012,
        "nauc_precision_at_10_max": 0.331958,
        "nauc_precision_at_10_std": -0.249817,
        "nauc_precision_at_10_diff1": 0.377448,
        "nauc_precision_at_20_max": 0.336928,
        "nauc_precision_at_20_std": 0.012594,
        "nauc_precision_at_20_diff1": 0.22543,
        "nauc_precision_at_100_max": 0.312275,
        "nauc_precision_at_100_std": 0.436342,
        "nauc_precision_at_100_diff1": -0.14099,
        "nauc_precision_at_1000_max": 0.15137,
        "nauc_precision_at_1000_std": 0.532703,
        "nauc_precision_at_1000_diff1": -0.398456,
        "nauc_mrr_at_1_max": 0.365826,
        "nauc_mrr_at_1_std": -0.462043,
        "nauc_mrr_at_1_diff1": 0.839291,
        "nauc_mrr_at_3_max": 0.345224,
        "nauc_mrr_at_3_std": -0.528969,
        "nauc_mrr_at_3_diff1": 0.812603,
        "nauc_mrr_at_5_max": 0.360733,
        "nauc_mrr_at_5_std": -0.519822,
        "nauc_mrr_at_5_diff1": 0.816908,
        "nauc_mrr_at_10_max": 0.362102,
        "nauc_mrr_at_10_std": -0.512427,
        "nauc_mrr_at_10_diff1": 0.818065,
        "nauc_mrr_at_20_max": 0.362739,
        "nauc_mrr_at_20_std": -0.508623,
        "nauc_mrr_at_20_diff1": 0.817891,
        "nauc_mrr_at_100_max": 0.362652,
        "nauc_mrr_at_100_std": -0.508486,
        "nauc_mrr_at_100_diff1": 0.818318,
        "nauc_mrr_at_1000_max": 0.362582,
        "nauc_mrr_at_1000_std": -0.50859,
        "nauc_mrr_at_1000_diff1": 0.818334,
        "main_score": 0.85002,
        "hf_subset": "default",
        "languages": [
          "cmn-Hans"
        ]
      }
    ]
  },
  "evaluation_time": 2521.7726294994354,
  "kg_co2_emissions": null
}