{
  "dataset_revision": "b2a085913606be3c4f2f1a8bff1810e38bade8fa",
  "task_name": "HagridRetrieval",
  "mteb_version": "1.38.9",
  "scores": {
    "dev": [
      {
        "ndcg_at_1": 0.97984,
        "ndcg_at_3": 0.9862,
        "ndcg_at_5": 0.98707,
        "ndcg_at_10": 0.98707,
        "ndcg_at_20": 0.98707,
        "ndcg_at_100": 0.98707,
        "ndcg_at_1000": 0.98804,
        "map_at_1": 0.97984,
        "map_at_3": 0.98488,
        "map_at_5": 0.98538,
        "map_at_10": 0.98538,
        "map_at_20": 0.98538,
        "map_at_100": 0.98538,
        "map_at_1000": 0.98541,
        "recall_at_1": 0.97984,
        "recall_at_3": 0.98992,
        "recall_at_5": 0.99194,
        "recall_at_10": 0.99194,
        "recall_at_20": 0.99194,
        "recall_at_100": 0.99194,
        "recall_at_1000": 1.0,
        "precision_at_1": 0.97984,
        "precision_at_3": 0.32997,
        "precision_at_5": 0.19839,
        "precision_at_10": 0.09919,
        "precision_at_20": 0.0496,
        "precision_at_100": 0.00992,
        "precision_at_1000": 0.001,
        "mrr_at_1": 0.979839,
        "mrr_at_3": 0.984879,
        "mrr_at_5": 0.985383,
        "mrr_at_10": 0.985383,
        "mrr_at_20": 0.985383,
        "mrr_at_100": 0.985383,
        "mrr_at_1000": 0.985409,
        "nauc_ndcg_at_1_max": 0.562018,
        "nauc_ndcg_at_1_std": -0.416512,
        "nauc_ndcg_at_1_diff1": 0.927619,
        "nauc_ndcg_at_3_max": 0.704706,
        "nauc_ndcg_at_3_std": -0.060568,
        "nauc_ndcg_at_3_diff1": 0.894263,
        "nauc_ndcg_at_5_max": 0.68488,
        "nauc_ndcg_at_5_std": -0.0531,
        "nauc_ndcg_at_5_diff1": 0.905817,
        "nauc_ndcg_at_10_max": 0.68488,
        "nauc_ndcg_at_10_std": -0.0531,
        "nauc_ndcg_at_10_diff1": 0.905817,
        "nauc_ndcg_at_20_max": 0.68488,
        "nauc_ndcg_at_20_std": -0.0531,
        "nauc_ndcg_at_20_diff1": 0.905817,
        "nauc_ndcg_at_100_max": 0.68488,
        "nauc_ndcg_at_100_std": -0.0531,
        "nauc_ndcg_at_100_diff1": 0.905817,
        "nauc_ndcg_at_1000_max": 0.672369,
        "nauc_ndcg_at_1000_std": -0.097623,
        "nauc_ndcg_at_1000_diff1": 0.907288,
        "nauc_map_at_1_max": 0.562018,
        "nauc_map_at_1_std": -0.416512,
        "nauc_map_at_1_diff1": 0.927619,
        "nauc_map_at_3_max": 0.665226,
        "nauc_map_at_3_std": -0.159055,
        "nauc_map_at_3_diff1": 0.903493,
        "nauc_map_at_5_max": 0.653682,
        "nauc_map_at_5_std": -0.158615,
        "nauc_map_at_5_diff1": 0.909745,
        "nauc_map_at_10_max": 0.653682,
        "nauc_map_at_10_std": -0.158615,
        "nauc_map_at_10_diff1": 0.909745,
        "nauc_map_at_20_max": 0.653682,
        "nauc_map_at_20_std": -0.158615,
        "nauc_map_at_20_diff1": 0.909745,
        "nauc_map_at_100_max": 0.653682,
        "nauc_map_at_100_std": -0.158615,
        "nauc_map_at_100_diff1": 0.909745,
        "nauc_map_at_1000_max": 0.653359,
        "nauc_map_at_1000_std": -0.159831,
        "nauc_map_at_1000_diff1": 0.90979,
        "nauc_recall_at_1_max": 0.562018,
        "nauc_recall_at_1_std": -0.416512,
        "nauc_recall_at_1_diff1": 0.927619,
        "nauc_recall_at_3_max": 0.87164,
        "nauc_recall_at_3_std": 0.355859,
        "nauc_recall_at_3_diff1": 0.855239,
        "nauc_recall_at_5_max": 0.83955,
        "nauc_recall_at_5_std": 0.487775,
        "nauc_recall_at_5_diff1": 0.888504,
        "nauc_recall_at_10_max": 0.83955,
        "nauc_recall_at_10_std": 0.487775,
        "nauc_recall_at_10_diff1": 0.888504,
        "nauc_recall_at_20_max": 0.83955,
        "nauc_recall_at_20_std": 0.487775,
        "nauc_recall_at_20_diff1": 0.888504,
        "nauc_recall_at_100_max": 0.83955,
        "nauc_recall_at_100_std": 0.487775,
        "nauc_recall_at_100_diff1": 0.888504,
        "nauc_recall_at_1000_max": NaN,
        "nauc_recall_at_1000_std": NaN,
        "nauc_recall_at_1000_diff1": NaN,
        "nauc_precision_at_1_max": 0.562018,
        "nauc_precision_at_1_std": -0.416512,
        "nauc_precision_at_1_diff1": 0.927619,
        "nauc_precision_at_3_max": 0.87164,
        "nauc_precision_at_3_std": 0.355859,
        "nauc_precision_at_3_diff1": 0.855239,
        "nauc_precision_at_5_max": 0.83955,
        "nauc_precision_at_5_std": 0.487775,
        "nauc_precision_at_5_diff1": 0.888504,
        "nauc_precision_at_10_max": 0.83955,
        "nauc_precision_at_10_std": 0.487775,
        "nauc_precision_at_10_diff1": 0.888504,
        "nauc_precision_at_20_max": 0.83955,
        "nauc_precision_at_20_std": 0.487775,
        "nauc_precision_at_20_diff1": 0.888504,
        "nauc_precision_at_100_max": 0.83955,
        "nauc_precision_at_100_std": 0.487775,
        "nauc_precision_at_100_diff1": 0.888504,
        "nauc_precision_at_1000_max": 1.0,
        "nauc_precision_at_1000_std": 1.0,
        "nauc_precision_at_1000_diff1": 1.0,
        "nauc_mrr_at_1_max": 0.562018,
        "nauc_mrr_at_1_std": -0.416512,
        "nauc_mrr_at_1_diff1": 0.927619,
        "nauc_mrr_at_3_max": 0.665226,
        "nauc_mrr_at_3_std": -0.159055,
        "nauc_mrr_at_3_diff1": 0.903493,
        "nauc_mrr_at_5_max": 0.653682,
        "nauc_mrr_at_5_std": -0.158615,
        "nauc_mrr_at_5_diff1": 0.909745,
        "nauc_mrr_at_10_max": 0.653682,
        "nauc_mrr_at_10_std": -0.158615,
        "nauc_mrr_at_10_diff1": 0.909745,
        "nauc_mrr_at_20_max": 0.653682,
        "nauc_mrr_at_20_std": -0.158615,
        "nauc_mrr_at_20_diff1": 0.909745,
        "nauc_mrr_at_100_max": 0.653682,
        "nauc_mrr_at_100_std": -0.158615,
        "nauc_mrr_at_100_diff1": 0.909745,
        "nauc_mrr_at_1000_max": 0.65336,
        "nauc_mrr_at_1000_std": -0.159829,
        "nauc_mrr_at_1000_diff1": 0.909791,
        "main_score": 0.98707,
        "hf_subset": "default",
        "languages": [
          "eng-Latn"
        ]
      }
    ]
  },
  "evaluation_time": 6.885188341140747,
  "kg_co2_emissions": null
}