{
  "dataset_revision": "3c976110fc13596004dc36279fc4c453ff2c18aa",
  "task_name": "indonli",
  "mteb_version": "1.38.9",
  "scores": {
    "test_expert": [
      {
        "similarity_accuracy": 0.570588,
        "similarity_accuracy_threshold": 0.762851,
        "similarity_f1": 0.677314,
        "similarity_f1_threshold": 0.581638,
        "similarity_precision": 0.51258,
        "similarity_recall": 0.998079,
        "similarity_ap": 0.575716,
        "cosine_accuracy": 0.570588,
        "cosine_accuracy_threshold": 0.76285,
        "cosine_f1": 0.677314,
        "cosine_f1_threshold": 0.581637,
        "cosine_precision": 0.51258,
        "cosine_recall": 0.998079,
        "cosine_ap": 0.575716,
        "manhattan_accuracy": 0.572549,
        "manhattan_accuracy_threshold": 31.729752,
        "manhattan_f1": 0.677567,
        "manhattan_f1_threshold": 41.031342,
        "manhattan_precision": 0.513634,
        "manhattan_recall": 0.995197,
        "manhattan_ap": 0.579088,
        "euclidean_accuracy": 0.571569,
        "euclidean_accuracy_threshold": 0.690507,
        "euclidean_f1": 0.677535,
        "euclidean_f1_threshold": 0.914252,
        "euclidean_precision": 0.512833,
        "euclidean_recall": 0.998079,
        "euclidean_ap": 0.575648,
        "dot_accuracy": 0.570098,
        "dot_accuracy_threshold": 0.766333,
        "dot_f1": 0.677314,
        "dot_f1_threshold": 0.581965,
        "dot_precision": 0.51258,
        "dot_recall": 0.998079,
        "dot_ap": 0.575896,
        "max_accuracy": 0.572549,
        "max_f1": 0.677567,
        "max_precision": 0.513634,
        "max_recall": 0.998079,
        "max_ap": 0.579088,
        "main_score": 0.579088,
        "hf_subset": "default",
        "languages": [
          "ind-Latn"
        ]
      }
    ]
  },
  "evaluation_time": 9.885858535766602,
  "kg_co2_emissions": null
}