{
  "dataset_revision": "f69691c650464e62546d7f2a4536f8f87c891e38",
  "task_name": "LegalBenchCorporateLobbying",
  "mteb_version": "1.38.9",
  "scores": {
    "test": [
      {
        "ndcg_at_1": 0.88824,
        "ndcg_at_3": 0.94639,
        "ndcg_at_5": 0.94639,
        "ndcg_at_10": 0.94927,
        "ndcg_at_20": 0.94927,
        "ndcg_at_100": 0.94974,
        "ndcg_at_1000": 0.95013,
        "map_at_1": 0.88824,
        "map_at_3": 0.93284,
        "map_at_5": 0.93284,
        "map_at_10": 0.93405,
        "map_at_20": 0.93405,
        "map_at_100": 0.93409,
        "map_at_1000": 0.9341,
        "recall_at_1": 0.88824,
        "recall_at_3": 0.98529,
        "recall_at_5": 0.98529,
        "recall_at_10": 0.99412,
        "recall_at_20": 0.99412,
        "recall_at_100": 0.99706,
        "recall_at_1000": 1.0,
        "precision_at_1": 0.88824,
        "precision_at_3": 0.32843,
        "precision_at_5": 0.19706,
        "precision_at_10": 0.09941,
        "precision_at_20": 0.04971,
        "precision_at_100": 0.00997,
        "precision_at_1000": 0.001,
        "mrr_at_1": 0.888235,
        "mrr_at_3": 0.932843,
        "mrr_at_5": 0.932843,
        "mrr_at_10": 0.934048,
        "mrr_at_20": 0.934048,
        "mrr_at_100": 0.934086,
        "mrr_at_1000": 0.934102,
        "nauc_ndcg_at_1_max": 0.391038,
        "nauc_ndcg_at_1_std": 0.001968,
        "nauc_ndcg_at_1_diff1": 0.931985,
        "nauc_ndcg_at_3_max": 0.444025,
        "nauc_ndcg_at_3_std": -0.08459,
        "nauc_ndcg_at_3_diff1": 0.926779,
        "nauc_ndcg_at_5_max": 0.444025,
        "nauc_ndcg_at_5_std": -0.08459,
        "nauc_ndcg_at_5_diff1": 0.926779,
        "nauc_ndcg_at_10_max": 0.41707,
        "nauc_ndcg_at_10_std": -0.052867,
        "nauc_ndcg_at_10_diff1": 0.925133,
        "nauc_ndcg_at_20_max": 0.41707,
        "nauc_ndcg_at_20_std": -0.052867,
        "nauc_ndcg_at_20_diff1": 0.925133,
        "nauc_ndcg_at_100_max": 0.42633,
        "nauc_ndcg_at_100_std": -0.036933,
        "nauc_ndcg_at_100_diff1": 0.927049,
        "nauc_ndcg_at_1000_max": 0.421801,
        "nauc_ndcg_at_1000_std": -0.045121,
        "nauc_ndcg_at_1000_diff1": 0.926473,
        "nauc_map_at_1_max": 0.391038,
        "nauc_map_at_1_std": 0.001968,
        "nauc_map_at_1_diff1": 0.931985,
        "nauc_map_at_3_max": 0.428544,
        "nauc_map_at_3_std": -0.049867,
        "nauc_map_at_3_diff1": 0.92761,
        "nauc_map_at_5_max": 0.428544,
        "nauc_map_at_5_std": -0.049867,
        "nauc_map_at_5_diff1": 0.92761,
        "nauc_map_at_10_max": 0.419557,
        "nauc_map_at_10_std": -0.039238,
        "nauc_map_at_10_diff1": 0.927115,
        "nauc_map_at_20_max": 0.419557,
        "nauc_map_at_20_std": -0.039238,
        "nauc_map_at_20_diff1": 0.927115,
        "nauc_map_at_100_max": 0.420141,
        "nauc_map_at_100_std": -0.038228,
        "nauc_map_at_100_diff1": 0.927236,
        "nauc_map_at_1000_max": 0.420001,
        "nauc_map_at_1000_std": -0.038479,
        "nauc_map_at_1000_diff1": 0.927219,
        "nauc_recall_at_1_max": 0.391038,
        "nauc_recall_at_1_std": 0.001968,
        "nauc_recall_at_1_diff1": 0.931985,
        "nauc_recall_at_3_max": 0.635014,
        "nauc_recall_at_3_std": -0.537068,
        "nauc_recall_at_3_diff1": 0.918301,
        "nauc_recall_at_5_max": 0.635014,
        "nauc_recall_at_5_std": -0.537068,
        "nauc_recall_at_5_diff1": 0.918301,
        "nauc_recall_at_10_max": 0.218254,
        "nauc_recall_at_10_std": -0.369981,
        "nauc_recall_at_10_diff1": 0.861111,
        "nauc_recall_at_20_max": 0.218254,
        "nauc_recall_at_20_std": -0.369981,
        "nauc_recall_at_20_diff1": 0.861111,
        "nauc_recall_at_100_max": 1.0,
        "nauc_recall_at_100_std": 1.0,
        "nauc_recall_at_100_diff1": 1.0,
        "nauc_recall_at_1000_max": NaN,
        "nauc_recall_at_1000_std": NaN,
        "nauc_recall_at_1000_diff1": NaN,
        "nauc_precision_at_1_max": 0.391038,
        "nauc_precision_at_1_std": 0.001968,
        "nauc_precision_at_1_diff1": 0.931985,
        "nauc_precision_at_3_max": 0.635014,
        "nauc_precision_at_3_std": -0.537068,
        "nauc_precision_at_3_diff1": 0.918301,
        "nauc_precision_at_5_max": 0.635014,
        "nauc_precision_at_5_std": -0.537068,
        "nauc_precision_at_5_diff1": 0.918301,
        "nauc_precision_at_10_max": 0.218254,
        "nauc_precision_at_10_std": -0.369981,
        "nauc_precision_at_10_diff1": 0.861111,
        "nauc_precision_at_20_max": 0.218254,
        "nauc_precision_at_20_std": -0.369981,
        "nauc_precision_at_20_diff1": 0.861111,
        "nauc_precision_at_100_max": 1.0,
        "nauc_precision_at_100_std": 1.0,
        "nauc_precision_at_100_diff1": 1.0,
        "nauc_precision_at_1000_max": 1.0,
        "nauc_precision_at_1000_std": 1.0,
        "nauc_precision_at_1000_diff1": 1.0,
        "nauc_mrr_at_1_max": 0.391038,
        "nauc_mrr_at_1_std": 0.001968,
        "nauc_mrr_at_1_diff1": 0.931985,
        "nauc_mrr_at_3_max": 0.428544,
        "nauc_mrr_at_3_std": -0.049867,
        "nauc_mrr_at_3_diff1": 0.92761,
        "nauc_mrr_at_5_max": 0.428544,
        "nauc_mrr_at_5_std": -0.049867,
        "nauc_mrr_at_5_diff1": 0.92761,
        "nauc_mrr_at_10_max": 0.419557,
        "nauc_mrr_at_10_std": -0.039238,
        "nauc_mrr_at_10_diff1": 0.927115,
        "nauc_mrr_at_20_max": 0.419557,
        "nauc_mrr_at_20_std": -0.039238,
        "nauc_mrr_at_20_diff1": 0.927115,
        "nauc_mrr_at_100_max": 0.420141,
        "nauc_mrr_at_100_std": -0.038228,
        "nauc_mrr_at_100_diff1": 0.927236,
        "nauc_mrr_at_1000_max": 0.420001,
        "nauc_mrr_at_1000_std": -0.038479,
        "nauc_mrr_at_1000_diff1": 0.927219,
        "main_score": 0.94927,
        "hf_subset": "default",
        "languages": [
          "eng-Latn"
        ]
      }
    ]
  },
  "evaluation_time": 11.585487365722656,
  "kg_co2_emissions": null
}