{
  "dataset_revision": "e0144086b45fe31ac125e9ac1a83b6a409bb6ca6",
  "task_name": "News21InstructionRetrieval",
  "mteb_version": "1.38.9",
  "scores": {
    "test": [
      {
        "p-MRR": -0.020125,
        "individual": {
          "original": {
            "ndcg_at_1": 0.22656,
            "ndcg_at_3": 0.28981,
            "ndcg_at_5": 0.27348,
            "ndcg_at_10": 0.3053,
            "ndcg_at_20": 0.34891,
            "ndcg_at_100": 0.46453,
            "ndcg_at_1000": 0.52687,
            "map_at_1": 0.02954,
            "map_at_3": 0.07602,
            "map_at_5": 0.08996,
            "map_at_10": 0.12651,
            "map_at_20": 0.16734,
            "map_at_100": 0.23664,
            "map_at_1000": 0.25618,
            "recall_at_1": 0.02954,
            "recall_at_3": 0.10228,
            "recall_at_5": 0.12706,
            "recall_at_10": 0.2333,
            "recall_at_20": 0.35823,
            "recall_at_100": 0.72714,
            "recall_at_1000": 1.0,
            "precision_at_1": 0.28125,
            "precision_at_3": 0.36458,
            "precision_at_5": 0.30625,
            "precision_at_10": 0.27187,
            "precision_at_20": 0.22188,
            "precision_at_100": 0.10531,
            "precision_at_1000": 0.01634,
            "naucs_at_1_max": 0.152323,
            "naucs_at_1_std": 0.288922,
            "naucs_at_1_diff1": -0.291825,
            "naucs_at_3_max": 0.272872,
            "naucs_at_3_std": 0.203924,
            "naucs_at_3_diff1": -0.012671,
            "naucs_at_5_max": 0.258604,
            "naucs_at_5_std": 0.1953,
            "naucs_at_5_diff1": -0.009284,
            "naucs_at_10_max": 0.247061,
            "naucs_at_10_std": 0.217097,
            "naucs_at_10_diff1": -0.022803,
            "naucs_at_20_max": 0.247061,
            "naucs_at_20_std": 0.217097,
            "naucs_at_20_diff1": -0.022803,
            "naucs_at_100_max": 0.249222,
            "naucs_at_100_std": 0.213341,
            "naucs_at_100_diff1": -0.031306,
            "naucs_at_1000_max": 0.249222,
            "naucs_at_1000_std": 0.213341,
            "naucs_at_1000_diff1": -0.031306,
            "mrr_at_1": 0.28125,
            "mrr_at_3": 0.479167,
            "mrr_at_5": 0.485417,
            "mrr_at_10": 0.499045,
            "mrr_at_20": 0.499045,
            "mrr_at_100": 0.503675,
            "mrr_at_1000": 0.503675
          },
          "changed": {
            "ndcg_at_1": 0.36719,
            "ndcg_at_3": 0.46204,
            "ndcg_at_5": 0.44797,
            "ndcg_at_10": 0.46442,
            "ndcg_at_20": 0.50178,
            "ndcg_at_100": 0.59702,
            "ndcg_at_1000": 0.6863,
            "map_at_1": 0.02554,
            "map_at_3": 0.07594,
            "map_at_5": 0.11647,
            "map_at_10": 0.19023,
            "map_at_20": 0.2884,
            "map_at_100": 0.42269,
            "map_at_1000": 0.46758,
            "recall_at_1": 0.02554,
            "recall_at_3": 0.08499,
            "recall_at_5": 0.13318,
            "recall_at_10": 0.22907,
            "recall_at_20": 0.37902,
            "recall_at_100": 0.69504,
            "recall_at_1000": 1.0,
            "precision_at_1": 0.625,
            "precision_at_3": 0.71875,
            "precision_at_5": 0.70625,
            "precision_at_10": 0.6375,
            "precision_at_20": 0.55469,
            "precision_at_100": 0.23563,
            "precision_at_1000": 0.03725,
            "naucs_at_1_max": 0.219728,
            "naucs_at_1_std": 0.04813,
            "naucs_at_1_diff1": 0.097198,
            "naucs_at_3_max": 0.296711,
            "naucs_at_3_std": -0.090137,
            "naucs_at_3_diff1": 0.069479,
            "naucs_at_5_max": 0.296711,
            "naucs_at_5_std": -0.090137,
            "naucs_at_5_diff1": 0.069479,
            "naucs_at_10_max": 0.3055,
            "naucs_at_10_std": -0.09412,
            "naucs_at_10_diff1": 0.081085,
            "naucs_at_20_max": 0.293108,
            "naucs_at_20_std": -0.07615,
            "naucs_at_20_diff1": 0.080798,
            "naucs_at_100_max": 0.293108,
            "naucs_at_100_std": -0.07615,
            "naucs_at_100_diff1": 0.080798,
            "naucs_at_1000_max": 0.293108,
            "naucs_at_1000_std": -0.07615,
            "naucs_at_1000_diff1": 0.080798,
            "mrr_at_1": 0.625,
            "mrr_at_3": 0.75,
            "mrr_at_5": 0.75,
            "mrr_at_10": 0.753906,
            "mrr_at_20": 0.758349,
            "mrr_at_100": 0.758349,
            "mrr_at_1000": 0.758349
          }
        },
        "main_score": -0.020125,
        "hf_subset": "default",
        "languages": [
          "eng-Latn"
        ]
      }
    ]
  },
  "evaluation_time": 3227.695117712021,
  "kg_co2_emissions": null
}