{
  "dataset_revision": "a5a1c4fe2bc528ac12e83f8cdf82178da85d2f1d",
  "task_name": "Robust04InstructionRetrieval",
  "mteb_version": "1.38.9",
  "scores": {
    "test": [
      {
        "p-MRR": -0.088549,
        "individual": {
          "original": {
            "ndcg_at_1": 0.22115,
            "ndcg_at_3": 0.2441,
            "ndcg_at_5": 0.2484,
            "ndcg_at_10": 0.24841,
            "ndcg_at_20": 0.26361,
            "ndcg_at_100": 0.35826,
            "ndcg_at_1000": 0.50863,
            "map_at_1": 0.02147,
            "map_at_3": 0.05261,
            "map_at_5": 0.07677,
            "map_at_10": 0.09961,
            "map_at_20": 0.12188,
            "map_at_100": 0.16604,
            "map_at_1000": 0.18982,
            "recall_at_1": 0.02147,
            "recall_at_3": 0.07175,
            "recall_at_5": 0.12209,
            "recall_at_10": 0.19144,
            "recall_at_20": 0.2698,
            "recall_at_100": 0.53087,
            "recall_at_1000": 1.0,
            "precision_at_1": 0.25,
            "precision_at_3": 0.25641,
            "precision_at_5": 0.25385,
            "precision_at_10": 0.21346,
            "precision_at_20": 0.17019,
            "precision_at_100": 0.08346,
            "precision_at_1000": 0.01981,
            "naucs_at_1_max": 0.232429,
            "naucs_at_1_std": 0.010768,
            "naucs_at_1_diff1": -0.196406,
            "naucs_at_3_max": 0.291121,
            "naucs_at_3_std": 0.102006,
            "naucs_at_3_diff1": -0.134791,
            "naucs_at_5_max": 0.262997,
            "naucs_at_5_std": 0.087393,
            "naucs_at_5_diff1": -0.152874,
            "naucs_at_10_max": 0.266692,
            "naucs_at_10_std": 0.081834,
            "naucs_at_10_diff1": -0.141495,
            "naucs_at_20_max": 0.265657,
            "naucs_at_20_std": 0.074139,
            "naucs_at_20_diff1": -0.152265,
            "naucs_at_100_max": 0.264321,
            "naucs_at_100_std": 0.079337,
            "naucs_at_100_diff1": -0.153877,
            "naucs_at_1000_max": 0.264272,
            "naucs_at_1000_std": 0.079001,
            "naucs_at_1000_diff1": -0.153351,
            "mrr_at_1": 0.25,
            "mrr_at_3": 0.371795,
            "mrr_at_5": 0.403526,
            "mrr_at_10": 0.426053,
            "mrr_at_20": 0.430285,
            "mrr_at_100": 0.433162,
            "mrr_at_1000": 0.433316
          },
          "changed": {
            "ndcg_at_1": 0.44231,
            "ndcg_at_3": 0.41548,
            "ndcg_at_5": 0.39926,
            "ndcg_at_10": 0.38205,
            "ndcg_at_20": 0.39005,
            "ndcg_at_100": 0.45973,
            "ndcg_at_1000": 0.63602,
            "map_at_1": 0.02978,
            "map_at_3": 0.07126,
            "map_at_5": 0.09753,
            "map_at_10": 0.13127,
            "map_at_20": 0.174,
            "map_at_100": 0.24732,
            "map_at_1000": 0.28918,
            "recall_at_1": 0.02978,
            "recall_at_3": 0.07717,
            "recall_at_5": 0.11215,
            "recall_at_10": 0.18182,
            "recall_at_20": 0.28067,
            "recall_at_100": 0.54085,
            "recall_at_1000": 1.0,
            "precision_at_1": 0.5,
            "precision_at_3": 0.46154,
            "precision_at_5": 0.43077,
            "precision_at_10": 0.37308,
            "precision_at_20": 0.31731,
            "precision_at_100": 0.1475,
            "precision_at_1000": 0.03369,
            "naucs_at_1_max": 0.219142,
            "naucs_at_1_std": 0.164424,
            "naucs_at_1_diff1": 0.144416,
            "naucs_at_3_max": 0.209909,
            "naucs_at_3_std": 0.111673,
            "naucs_at_3_diff1": 0.114947,
            "naucs_at_5_max": 0.237155,
            "naucs_at_5_std": 0.096555,
            "naucs_at_5_diff1": 0.126644,
            "naucs_at_10_max": 0.211122,
            "naucs_at_10_std": 0.10542,
            "naucs_at_10_diff1": 0.102054,
            "naucs_at_20_max": 0.220605,
            "naucs_at_20_std": 0.106467,
            "naucs_at_20_diff1": 0.111529,
            "naucs_at_100_max": 0.220112,
            "naucs_at_100_std": 0.109334,
            "naucs_at_100_diff1": 0.110916,
            "naucs_at_1000_max": 0.220112,
            "naucs_at_1000_std": 0.109334,
            "naucs_at_1000_diff1": 0.110916,
            "mrr_at_1": 0.5,
            "mrr_at_3": 0.592949,
            "mrr_at_5": 0.616026,
            "mrr_at_10": 0.634188,
            "mrr_at_20": 0.637068,
            "mrr_at_100": 0.637753,
            "mrr_at_1000": 0.637753
          }
        },
        "main_score": -0.088549,
        "hf_subset": "default",
        "languages": [
          "eng-Latn"
        ]
      }
    ]
  },
  "evaluation_time": 5052.144457101822,
  "kg_co2_emissions": null
}