{
  "dataset_revision": "f8c2fcf00f625baaa80f62ec5bd9e1fff3b8ae88",
  "task_name": "SCIDOCS",
  "mteb_version": "1.38.9",
  "scores": {
    "test": [
      {
        "ndcg_at_1": 0.265,
        "ndcg_at_3": 0.21655,
        "ndcg_at_5": 0.18882,
        "ndcg_at_10": 0.2299,
        "ndcg_at_20": 0.26321,
        "ndcg_at_100": 0.32186,
        "ndcg_at_1000": 0.37382,
        "map_at_1": 0.05393,
        "map_at_3": 0.09787,
        "map_at_5": 0.11722,
        "map_at_10": 0.13977,
        "map_at_20": 0.15257,
        "map_at_100": 0.16487,
        "map_at_1000": 0.16817,
        "recall_at_1": 0.05393,
        "recall_at_3": 0.12378,
        "recall_at_5": 0.16823,
        "recall_at_10": 0.24412,
        "recall_at_20": 0.32232,
        "recall_at_100": 0.51248,
        "recall_at_1000": 0.76345,
        "precision_at_1": 0.265,
        "precision_at_3": 0.20333,
        "precision_at_5": 0.166,
        "precision_at_10": 0.1204,
        "precision_at_20": 0.07945,
        "precision_at_100": 0.02524,
        "precision_at_1000": 0.00376,
        "mrr_at_1": 0.265,
        "mrr_at_3": 0.3475,
        "mrr_at_5": 0.36635,
        "mrr_at_10": 0.379407,
        "mrr_at_20": 0.38611,
        "mrr_at_100": 0.390613,
        "mrr_at_1000": 0.391045,
        "nauc_ndcg_at_1_max": 0.1936,
        "nauc_ndcg_at_1_std": 0.006071,
        "nauc_ndcg_at_1_diff1": 0.211912,
        "nauc_ndcg_at_3_max": 0.243984,
        "nauc_ndcg_at_3_std": 0.043266,
        "nauc_ndcg_at_3_diff1": 0.17278,
        "nauc_ndcg_at_5_max": 0.24839,
        "nauc_ndcg_at_5_std": 0.054001,
        "nauc_ndcg_at_5_diff1": 0.170537,
        "nauc_ndcg_at_10_max": 0.260774,
        "nauc_ndcg_at_10_std": 0.07204,
        "nauc_ndcg_at_10_diff1": 0.164335,
        "nauc_ndcg_at_20_max": 0.269042,
        "nauc_ndcg_at_20_std": 0.094677,
        "nauc_ndcg_at_20_diff1": 0.162284,
        "nauc_ndcg_at_100_max": 0.277121,
        "nauc_ndcg_at_100_std": 0.149973,
        "nauc_ndcg_at_100_diff1": 0.160514,
        "nauc_ndcg_at_1000_max": 0.269066,
        "nauc_ndcg_at_1000_std": 0.152825,
        "nauc_ndcg_at_1000_diff1": 0.165618,
        "nauc_map_at_1_max": 0.190814,
        "nauc_map_at_1_std": 0.005078,
        "nauc_map_at_1_diff1": 0.210381,
        "nauc_map_at_3_max": 0.243345,
        "nauc_map_at_3_std": 0.027019,
        "nauc_map_at_3_diff1": 0.177176,
        "nauc_map_at_5_max": 0.246214,
        "nauc_map_at_5_std": 0.034694,
        "nauc_map_at_5_diff1": 0.167692,
        "nauc_map_at_10_max": 0.257921,
        "nauc_map_at_10_std": 0.05372,
        "nauc_map_at_10_diff1": 0.160408,
        "nauc_map_at_20_max": 0.261326,
        "nauc_map_at_20_std": 0.065682,
        "nauc_map_at_20_diff1": 0.15935,
        "nauc_map_at_100_max": 0.265327,
        "nauc_map_at_100_std": 0.082911,
        "nauc_map_at_100_diff1": 0.160883,
        "nauc_map_at_1000_max": 0.264808,
        "nauc_map_at_1000_std": 0.084518,
        "nauc_map_at_1000_diff1": 0.16129,
        "nauc_recall_at_1_max": 0.190814,
        "nauc_recall_at_1_std": 0.005078,
        "nauc_recall_at_1_diff1": 0.210381,
        "nauc_recall_at_3_max": 0.262924,
        "nauc_recall_at_3_std": 0.05942,
        "nauc_recall_at_3_diff1": 0.157556,
        "nauc_recall_at_5_max": 0.255742,
        "nauc_recall_at_5_std": 0.075952,
        "nauc_recall_at_5_diff1": 0.147693,
        "nauc_recall_at_10_max": 0.259086,
        "nauc_recall_at_10_std": 0.100099,
        "nauc_recall_at_10_diff1": 0.129807,
        "nauc_recall_at_20_max": 0.263297,
        "nauc_recall_at_20_std": 0.143584,
        "nauc_recall_at_20_diff1": 0.121291,
        "nauc_recall_at_100_max": 0.248342,
        "nauc_recall_at_100_std": 0.277401,
        "nauc_recall_at_100_diff1": 0.092218,
        "nauc_recall_at_1000_max": 0.182237,
        "nauc_recall_at_1000_std": 0.335778,
        "nauc_recall_at_1000_diff1": 0.082084,
        "nauc_precision_at_1_max": 0.1936,
        "nauc_precision_at_1_std": 0.006071,
        "nauc_precision_at_1_diff1": 0.211912,
        "nauc_precision_at_3_max": 0.264985,
        "nauc_precision_at_3_std": 0.062048,
        "nauc_precision_at_3_diff1": 0.159592,
        "nauc_precision_at_5_max": 0.257507,
        "nauc_precision_at_5_std": 0.078292,
        "nauc_precision_at_5_diff1": 0.150645,
        "nauc_precision_at_10_max": 0.261981,
        "nauc_precision_at_10_std": 0.101623,
        "nauc_precision_at_10_diff1": 0.132904,
        "nauc_precision_at_20_max": 0.265376,
        "nauc_precision_at_20_std": 0.142936,
        "nauc_precision_at_20_diff1": 0.123084,
        "nauc_precision_at_100_max": 0.248637,
        "nauc_precision_at_100_std": 0.273024,
        "nauc_precision_at_100_diff1": 0.09559,
        "nauc_precision_at_1000_max": 0.182162,
        "nauc_precision_at_1000_std": 0.319854,
        "nauc_precision_at_1000_diff1": 0.081912,
        "nauc_mrr_at_1_max": 0.1936,
        "nauc_mrr_at_1_std": 0.006071,
        "nauc_mrr_at_1_diff1": 0.211912,
        "nauc_mrr_at_3_max": 0.220855,
        "nauc_mrr_at_3_std": 0.039642,
        "nauc_mrr_at_3_diff1": 0.178685,
        "nauc_mrr_at_5_max": 0.221191,
        "nauc_mrr_at_5_std": 0.044237,
        "nauc_mrr_at_5_diff1": 0.186863,
        "nauc_mrr_at_10_max": 0.220882,
        "nauc_mrr_at_10_std": 0.045834,
        "nauc_mrr_at_10_diff1": 0.187975,
        "nauc_mrr_at_20_max": 0.222461,
        "nauc_mrr_at_20_std": 0.048201,
        "nauc_mrr_at_20_diff1": 0.187205,
        "nauc_mrr_at_100_max": 0.221456,
        "nauc_mrr_at_100_std": 0.04766,
        "nauc_mrr_at_100_diff1": 0.186942,
        "nauc_mrr_at_1000_max": 0.221422,
        "nauc_mrr_at_1000_std": 0.047288,
        "nauc_mrr_at_1000_diff1": 0.187062,
        "main_score": 0.2299,
        "hf_subset": "default",
        "languages": [
          "eng-Latn"
        ]
      }
    ]
  },
  "evaluation_time": 758.4458103179932,
  "kg_co2_emissions": null
}