{
  "dataset_revision": "9ab3ca3ccdd0d43f9cd6d346a363935d127f4f45",
  "task_name": "SpartQA",
  "mteb_version": "1.38.9",
  "scores": {
    "test": [
      {
        "ndcg_at_1": 0.02337,
        "ndcg_at_3": 0.04475,
        "ndcg_at_5": 0.06343,
        "ndcg_at_10": 0.09197,
        "ndcg_at_20": 0.11158,
        "ndcg_at_100": 0.13675,
        "ndcg_at_1000": 0.1783,
        "map_at_1": 0.0154,
        "map_at_3": 0.03421,
        "map_at_5": 0.04391,
        "map_at_10": 0.05522,
        "map_at_20": 0.06059,
        "map_at_100": 0.06388,
        "map_at_1000": 0.06523,
        "recall_at_1": 0.0154,
        "recall_at_3": 0.05825,
        "recall_at_5": 0.09942,
        "recall_at_10": 0.17947,
        "recall_at_20": 0.24773,
        "recall_at_100": 0.36663,
        "recall_at_1000": 0.6598,
        "precision_at_1": 0.02337,
        "precision_at_3": 0.03079,
        "precision_at_5": 0.03094,
        "precision_at_10": 0.02752,
        "precision_at_20": 0.01932,
        "precision_at_100": 0.00598,
        "precision_at_1000": 0.00114,
        "mrr_at_1": 0.023372,
        "mrr_at_3": 0.051707,
        "mrr_at_5": 0.064812,
        "mrr_at_10": 0.078928,
        "mrr_at_20": 0.085174,
        "mrr_at_100": 0.089105,
        "mrr_at_1000": 0.090387,
        "nauc_ndcg_at_1_max": -0.241465,
        "nauc_ndcg_at_1_std": 0.428481,
        "nauc_ndcg_at_1_diff1": -0.339164,
        "nauc_ndcg_at_3_max": -0.153557,
        "nauc_ndcg_at_3_std": 0.429521,
        "nauc_ndcg_at_3_diff1": -0.224,
        "nauc_ndcg_at_5_max": -0.091826,
        "nauc_ndcg_at_5_std": 0.412188,
        "nauc_ndcg_at_5_diff1": -0.183666,
        "nauc_ndcg_at_10_max": -0.010151,
        "nauc_ndcg_at_10_std": 0.415736,
        "nauc_ndcg_at_10_diff1": -0.105474,
        "nauc_ndcg_at_20_max": 0.027699,
        "nauc_ndcg_at_20_std": 0.408266,
        "nauc_ndcg_at_20_diff1": -0.063348,
        "nauc_ndcg_at_100_max": 0.03239,
        "nauc_ndcg_at_100_std": 0.418772,
        "nauc_ndcg_at_100_diff1": -0.042215,
        "nauc_ndcg_at_1000_max": 0.009964,
        "nauc_ndcg_at_1000_std": 0.453885,
        "nauc_ndcg_at_1000_diff1": -0.037034,
        "nauc_map_at_1_max": -0.235235,
        "nauc_map_at_1_std": 0.395971,
        "nauc_map_at_1_diff1": -0.322336,
        "nauc_map_at_3_max": -0.169676,
        "nauc_map_at_3_std": 0.423284,
        "nauc_map_at_3_diff1": -0.242674,
        "nauc_map_at_5_max": -0.122912,
        "nauc_map_at_5_std": 0.409615,
        "nauc_map_at_5_diff1": -0.211718,
        "nauc_map_at_10_max": -0.070864,
        "nauc_map_at_10_std": 0.412631,
        "nauc_map_at_10_diff1": -0.164082,
        "nauc_map_at_20_max": -0.052175,
        "nauc_map_at_20_std": 0.411238,
        "nauc_map_at_20_diff1": -0.142917,
        "nauc_map_at_100_max": -0.048801,
        "nauc_map_at_100_std": 0.41364,
        "nauc_map_at_100_diff1": -0.137405,
        "nauc_map_at_1000_max": -0.050778,
        "nauc_map_at_1000_std": 0.416916,
        "nauc_map_at_1000_diff1": -0.136581,
        "nauc_recall_at_1_max": -0.235235,
        "nauc_recall_at_1_std": 0.395971,
        "nauc_recall_at_1_diff1": -0.322336,
        "nauc_recall_at_3_max": -0.138751,
        "nauc_recall_at_3_std": 0.431699,
        "nauc_recall_at_3_diff1": -0.197823,
        "nauc_recall_at_5_max": -0.051564,
        "nauc_recall_at_5_std": 0.395107,
        "nauc_recall_at_5_diff1": -0.14756,
        "nauc_recall_at_10_max": 0.061569,
        "nauc_recall_at_10_std": 0.390442,
        "nauc_recall_at_10_diff1": -0.041498,
        "nauc_recall_at_20_max": 0.11421,
        "nauc_recall_at_20_std": 0.357425,
        "nauc_recall_at_20_diff1": 0.016589,
        "nauc_recall_at_100_max": 0.117554,
        "nauc_recall_at_100_std": 0.364313,
        "nauc_recall_at_100_diff1": 0.057113,
        "nauc_recall_at_1000_max": 0.061855,
        "nauc_recall_at_1000_std": 0.399607,
        "nauc_recall_at_1000_diff1": 0.096326,
        "nauc_precision_at_1_max": -0.241465,
        "nauc_precision_at_1_std": 0.428481,
        "nauc_precision_at_1_diff1": -0.339164,
        "nauc_precision_at_3_max": -0.116376,
        "nauc_precision_at_3_std": 0.443401,
        "nauc_precision_at_3_diff1": -0.185668,
        "nauc_precision_at_5_max": -0.046897,
        "nauc_precision_at_5_std": 0.433061,
        "nauc_precision_at_5_diff1": -0.139105,
        "nauc_precision_at_10_max": 0.056756,
        "nauc_precision_at_10_std": 0.431676,
        "nauc_precision_at_10_diff1": -0.018809,
        "nauc_precision_at_20_max": 0.111578,
        "nauc_precision_at_20_std": 0.408569,
        "nauc_precision_at_20_diff1": 0.058781,
        "nauc_precision_at_100_max": 0.075529,
        "nauc_precision_at_100_std": 0.384719,
        "nauc_precision_at_100_diff1": 0.087019,
        "nauc_precision_at_1000_max": -0.006335,
        "nauc_precision_at_1000_std": 0.276058,
        "nauc_precision_at_1000_diff1": 0.125102,
        "nauc_mrr_at_1_max": -0.241465,
        "nauc_mrr_at_1_std": 0.428481,
        "nauc_mrr_at_1_diff1": -0.339164,
        "nauc_mrr_at_3_max": -0.155695,
        "nauc_mrr_at_3_std": 0.435233,
        "nauc_mrr_at_3_diff1": -0.236618,
        "nauc_mrr_at_5_max": -0.112525,
        "nauc_mrr_at_5_std": 0.428474,
        "nauc_mrr_at_5_diff1": -0.204215,
        "nauc_mrr_at_10_max": -0.061812,
        "nauc_mrr_at_10_std": 0.430097,
        "nauc_mrr_at_10_diff1": -0.151416,
        "nauc_mrr_at_20_max": -0.046716,
        "nauc_mrr_at_20_std": 0.427771,
        "nauc_mrr_at_20_diff1": -0.133378,
        "nauc_mrr_at_100_max": -0.045507,
        "nauc_mrr_at_100_std": 0.427292,
        "nauc_mrr_at_100_diff1": -0.129444,
        "nauc_mrr_at_1000_max": -0.046213,
        "nauc_mrr_at_1000_std": 0.429212,
        "nauc_mrr_at_1000_diff1": -0.129737,
        "main_score": 0.09197,
        "hf_subset": "default",
        "languages": [
          "eng-Latn"
        ]
      }
    ]
  },
  "evaluation_time": 70.53503108024597,
  "kg_co2_emissions": null
}