{
  "dataset_revision": "db8f169f3894c14a00251061f957b2063eef2bd5",
  "task_name": "StackOverflowQA",
  "mteb_version": "1.38.9",
  "scores": {
    "test": [
      {
        "ndcg_at_1": 0.9007,
        "ndcg_at_3": 0.9314,
        "ndcg_at_5": 0.93578,
        "ndcg_at_10": 0.93967,
        "ndcg_at_20": 0.94189,
        "ndcg_at_100": 0.94395,
        "ndcg_at_1000": 0.94449,
        "map_at_1": 0.9007,
        "map_at_3": 0.92427,
        "map_at_5": 0.92673,
        "map_at_10": 0.92833,
        "map_at_20": 0.92891,
        "map_at_100": 0.9292,
        "map_at_1000": 0.92922,
        "recall_at_1": 0.9007,
        "recall_at_3": 0.95186,
        "recall_at_5": 0.96239,
        "recall_at_10": 0.97442,
        "recall_at_20": 0.98345,
        "recall_at_100": 0.99448,
        "recall_at_1000": 0.999,
        "precision_at_1": 0.9007,
        "precision_at_3": 0.31729,
        "precision_at_5": 0.19248,
        "precision_at_10": 0.09744,
        "precision_at_20": 0.04917,
        "precision_at_100": 0.00994,
        "precision_at_1000": 0.001,
        "mrr_at_1": 0.900702,
        "mrr_at_3": 0.924273,
        "mrr_at_5": 0.92673,
        "mrr_at_10": 0.928332,
        "mrr_at_20": 0.928913,
        "mrr_at_100": 0.9292,
        "mrr_at_1000": 0.929217,
        "nauc_ndcg_at_1_max": 0.818074,
        "nauc_ndcg_at_1_std": -0.149821,
        "nauc_ndcg_at_1_diff1": 0.937301,
        "nauc_ndcg_at_3_max": 0.852294,
        "nauc_ndcg_at_3_std": -0.140503,
        "nauc_ndcg_at_3_diff1": 0.935841,
        "nauc_ndcg_at_5_max": 0.852635,
        "nauc_ndcg_at_5_std": -0.11461,
        "nauc_ndcg_at_5_diff1": 0.93456,
        "nauc_ndcg_at_10_max": 0.851127,
        "nauc_ndcg_at_10_std": -0.10746,
        "nauc_ndcg_at_10_diff1": 0.935261,
        "nauc_ndcg_at_20_max": 0.849179,
        "nauc_ndcg_at_20_std": -0.108183,
        "nauc_ndcg_at_20_diff1": 0.934854,
        "nauc_ndcg_at_100_max": 0.847333,
        "nauc_ndcg_at_100_std": -0.1142,
        "nauc_ndcg_at_100_diff1": 0.936915,
        "nauc_ndcg_at_1000_max": 0.846099,
        "nauc_ndcg_at_1000_std": -0.117181,
        "nauc_ndcg_at_1000_diff1": 0.936294,
        "nauc_map_at_1_max": 0.818074,
        "nauc_map_at_1_std": -0.149821,
        "nauc_map_at_1_diff1": 0.937301,
        "nauc_map_at_3_max": 0.843226,
        "nauc_map_at_3_std": -0.141804,
        "nauc_map_at_3_diff1": 0.936213,
        "nauc_map_at_5_max": 0.84318,
        "nauc_map_at_5_std": -0.128803,
        "nauc_map_at_5_diff1": 0.935605,
        "nauc_map_at_10_max": 0.842602,
        "nauc_map_at_10_std": -0.125957,
        "nauc_map_at_10_diff1": 0.935955,
        "nauc_map_at_20_max": 0.842201,
        "nauc_map_at_20_std": -0.125895,
        "nauc_map_at_20_diff1": 0.935881,
        "nauc_map_at_100_max": 0.841947,
        "nauc_map_at_100_std": -0.126176,
        "nauc_map_at_100_diff1": 0.936141,
        "nauc_map_at_1000_max": 0.841915,
        "nauc_map_at_1000_std": -0.126284,
        "nauc_map_at_1000_diff1": 0.936126,
        "nauc_recall_at_1_max": 0.818074,
        "nauc_recall_at_1_std": -0.149821,
        "nauc_recall_at_1_diff1": 0.937301,
        "nauc_recall_at_3_max": 0.892321,
        "nauc_recall_at_3_std": -0.135667,
        "nauc_recall_at_3_diff1": 0.934211,
        "nauc_recall_at_5_max": 0.904184,
        "nauc_recall_at_5_std": -0.030619,
        "nauc_recall_at_5_diff1": 0.928424,
        "nauc_recall_at_10_max": 0.915151,
        "nauc_recall_at_10_std": 0.051554,
        "nauc_recall_at_10_diff1": 0.92943,
        "nauc_recall_at_20_max": 0.919511,
        "nauc_recall_at_20_std": 0.115855,
        "nauc_recall_at_20_diff1": 0.920149,
        "nauc_recall_at_100_max": 0.964357,
        "nauc_recall_at_100_std": 0.147695,
        "nauc_recall_at_100_diff1": 1.0,
        "nauc_recall_at_1000_max": 0.934655,
        "nauc_recall_at_1000_std": 0.079363,
        "nauc_recall_at_1000_diff1": 1.0,
        "nauc_precision_at_1_max": 0.818074,
        "nauc_precision_at_1_std": -0.149821,
        "nauc_precision_at_1_diff1": 0.937301,
        "nauc_precision_at_3_max": 0.892321,
        "nauc_precision_at_3_std": -0.135667,
        "nauc_precision_at_3_diff1": 0.934211,
        "nauc_precision_at_5_max": 0.904184,
        "nauc_precision_at_5_std": -0.030619,
        "nauc_precision_at_5_diff1": 0.928424,
        "nauc_precision_at_10_max": 0.915151,
        "nauc_precision_at_10_std": 0.051554,
        "nauc_precision_at_10_diff1": 0.92943,
        "nauc_precision_at_20_max": 0.919511,
        "nauc_precision_at_20_std": 0.115855,
        "nauc_precision_at_20_diff1": 0.920149,
        "nauc_precision_at_100_max": 0.964357,
        "nauc_precision_at_100_std": 0.147695,
        "nauc_precision_at_100_diff1": 1.0,
        "nauc_precision_at_1000_max": 0.934655,
        "nauc_precision_at_1000_std": 0.079363,
        "nauc_precision_at_1000_diff1": 1.0,
        "nauc_mrr_at_1_max": 0.818074,
        "nauc_mrr_at_1_std": -0.149821,
        "nauc_mrr_at_1_diff1": 0.937301,
        "nauc_mrr_at_3_max": 0.843226,
        "nauc_mrr_at_3_std": -0.141804,
        "nauc_mrr_at_3_diff1": 0.936213,
        "nauc_mrr_at_5_max": 0.84318,
        "nauc_mrr_at_5_std": -0.128803,
        "nauc_mrr_at_5_diff1": 0.935605,
        "nauc_mrr_at_10_max": 0.842602,
        "nauc_mrr_at_10_std": -0.125957,
        "nauc_mrr_at_10_diff1": 0.935955,
        "nauc_mrr_at_20_max": 0.842201,
        "nauc_mrr_at_20_std": -0.125895,
        "nauc_mrr_at_20_diff1": 0.935881,
        "nauc_mrr_at_100_max": 0.841947,
        "nauc_mrr_at_100_std": -0.126176,
        "nauc_mrr_at_100_diff1": 0.936141,
        "nauc_mrr_at_1000_max": 0.841915,
        "nauc_mrr_at_1000_std": -0.126284,
        "nauc_mrr_at_1000_diff1": 0.936126,
        "main_score": 0.93967,
        "hf_subset": "default",
        "languages": [
          "eng-Latn"
        ]
      }
    ]
  },
  "evaluation_time": 728.8862297534943,
  "kg_co2_emissions": null
}