{
  "dataset_revision": "76631901a18387f85eaa53e5450019b87ad58ef9",
  "task_name": "T2Reranking",
  "mteb_version": "1.38.9",
  "scores": {
    "dev": [
      {
        "map": 0.66441,
        "mrr": 0.761271,
        "nAUC_map_max": 0.342751,
        "nAUC_map_std": -0.017903,
        "nAUC_map_diff1": -0.108035,
        "nAUC_mrr_max": 0.275236,
        "nAUC_mrr_std": -0.040318,
        "nAUC_mrr_diff1": -0.088516,
        "main_score": 0.66441,
        "hf_subset": "default",
        "languages": [
          "cmn-Hans"
        ]
      }
    ]
  },
  "evaluation_time": 3435.841346502304,
  "kg_co2_emissions": null
}