{
  "dataset_revision": "9097e99aa8c9d827189c65f2e11bfe756af439f6",
  "task_name": "TempReasonL1",
  "mteb_version": "1.38.9",
  "scores": {
    "test": [
      {
        "ndcg_at_1": 0.00075,
        "ndcg_at_3": 0.0093,
        "ndcg_at_5": 0.01453,
        "ndcg_at_10": 0.02236,
        "ndcg_at_20": 0.03123,
        "ndcg_at_100": 0.05954,
        "ndcg_at_1000": 0.12612,
        "map_at_1": 0.00075,
        "map_at_3": 0.00708,
        "map_at_5": 0.00997,
        "map_at_10": 0.0132,
        "map_at_20": 0.01558,
        "map_at_100": 0.01902,
        "map_at_1000": 0.02102,
        "recall_at_1": 0.00075,
        "recall_at_3": 0.01575,
        "recall_at_5": 0.0285,
        "recall_at_10": 0.05275,
        "recall_at_20": 0.08825,
        "recall_at_100": 0.24825,
        "recall_at_1000": 0.801,
        "precision_at_1": 0.00075,
        "precision_at_3": 0.00525,
        "precision_at_5": 0.0057,
        "precision_at_10": 0.00528,
        "precision_at_20": 0.00441,
        "precision_at_100": 0.00248,
        "precision_at_1000": 0.0008,
        "mrr_at_1": 0.00075,
        "mrr_at_3": 0.007083,
        "mrr_at_5": 0.009971,
        "mrr_at_10": 0.013196,
        "mrr_at_20": 0.015579,
        "mrr_at_100": 0.019016,
        "mrr_at_1000": 0.021018,
        "nauc_ndcg_at_1_max": -0.22735,
        "nauc_ndcg_at_1_std": -0.373491,
        "nauc_ndcg_at_1_diff1": -0.182273,
        "nauc_ndcg_at_3_max": -0.04793,
        "nauc_ndcg_at_3_std": 0.177703,
        "nauc_ndcg_at_3_diff1": 0.072611,
        "nauc_ndcg_at_5_max": -0.005947,
        "nauc_ndcg_at_5_std": 0.202313,
        "nauc_ndcg_at_5_diff1": 0.116378,
        "nauc_ndcg_at_10_max": 0.010284,
        "nauc_ndcg_at_10_std": 0.178753,
        "nauc_ndcg_at_10_diff1": 0.084543,
        "nauc_ndcg_at_20_max": 0.005685,
        "nauc_ndcg_at_20_std": 0.161724,
        "nauc_ndcg_at_20_diff1": 0.078531,
        "nauc_ndcg_at_100_max": 0.032305,
        "nauc_ndcg_at_100_std": 0.1602,
        "nauc_ndcg_at_100_diff1": 0.05927,
        "nauc_ndcg_at_1000_max": 0.125448,
        "nauc_ndcg_at_1000_std": 0.260041,
        "nauc_ndcg_at_1000_diff1": 0.011604,
        "nauc_map_at_1_max": -0.22735,
        "nauc_map_at_1_std": -0.373491,
        "nauc_map_at_1_diff1": -0.182273,
        "nauc_map_at_3_max": -0.05734,
        "nauc_map_at_3_std": 0.155665,
        "nauc_map_at_3_diff1": 0.065238,
        "nauc_map_at_5_max": -0.020319,
        "nauc_map_at_5_std": 0.181719,
        "nauc_map_at_5_diff1": 0.102538,
        "nauc_map_at_10_max": -0.003263,
        "nauc_map_at_10_std": 0.172416,
        "nauc_map_at_10_diff1": 0.084941,
        "nauc_map_at_20_max": -0.003121,
        "nauc_map_at_20_std": 0.165134,
        "nauc_map_at_20_diff1": 0.081389,
        "nauc_map_at_100_max": 0.005944,
        "nauc_map_at_100_std": 0.161834,
        "nauc_map_at_100_diff1": 0.073507,
        "nauc_map_at_1000_max": 0.013787,
        "nauc_map_at_1000_std": 0.16904,
        "nauc_map_at_1000_diff1": 0.070264,
        "nauc_recall_at_1_max": -0.22735,
        "nauc_recall_at_1_std": -0.373491,
        "nauc_recall_at_1_diff1": -0.182273,
        "nauc_recall_at_3_max": -0.034821,
        "nauc_recall_at_3_std": 0.207784,
        "nauc_recall_at_3_diff1": 0.082342,
        "nauc_recall_at_5_max": 0.010747,
        "nauc_recall_at_5_std": 0.225102,
        "nauc_recall_at_5_diff1": 0.132459,
        "nauc_recall_at_10_max": 0.021422,
        "nauc_recall_at_10_std": 0.180938,
        "nauc_recall_at_10_diff1": 0.08161,
        "nauc_recall_at_20_max": 0.009731,
        "nauc_recall_at_20_std": 0.154679,
        "nauc_recall_at_20_diff1": 0.07462,
        "nauc_recall_at_100_max": 0.048379,
        "nauc_recall_at_100_std": 0.159196,
        "nauc_recall_at_100_diff1": 0.04928,
        "nauc_recall_at_1000_max": 0.340912,
        "nauc_recall_at_1000_std": 0.470204,
        "nauc_recall_at_1000_diff1": -0.108316,
        "nauc_precision_at_1_max": -0.22735,
        "nauc_precision_at_1_std": -0.373491,
        "nauc_precision_at_1_diff1": -0.182273,
        "nauc_precision_at_3_max": -0.034821,
        "nauc_precision_at_3_std": 0.207784,
        "nauc_precision_at_3_diff1": 0.082342,
        "nauc_precision_at_5_max": 0.010747,
        "nauc_precision_at_5_std": 0.225102,
        "nauc_precision_at_5_diff1": 0.132459,
        "nauc_precision_at_10_max": 0.021422,
        "nauc_precision_at_10_std": 0.180938,
        "nauc_precision_at_10_diff1": 0.08161,
        "nauc_precision_at_20_max": 0.009731,
        "nauc_precision_at_20_std": 0.154679,
        "nauc_precision_at_20_diff1": 0.07462,
        "nauc_precision_at_100_max": 0.048379,
        "nauc_precision_at_100_std": 0.159196,
        "nauc_precision_at_100_diff1": 0.04928,
        "nauc_precision_at_1000_max": 0.340912,
        "nauc_precision_at_1000_std": 0.470204,
        "nauc_precision_at_1000_diff1": -0.108316,
        "nauc_mrr_at_1_max": -0.22735,
        "nauc_mrr_at_1_std": -0.373491,
        "nauc_mrr_at_1_diff1": -0.182273,
        "nauc_mrr_at_3_max": -0.05734,
        "nauc_mrr_at_3_std": 0.155665,
        "nauc_mrr_at_3_diff1": 0.065238,
        "nauc_mrr_at_5_max": -0.020319,
        "nauc_mrr_at_5_std": 0.181719,
        "nauc_mrr_at_5_diff1": 0.102538,
        "nauc_mrr_at_10_max": -0.003263,
        "nauc_mrr_at_10_std": 0.172416,
        "nauc_mrr_at_10_diff1": 0.084941,
        "nauc_mrr_at_20_max": -0.003121,
        "nauc_mrr_at_20_std": 0.165134,
        "nauc_mrr_at_20_diff1": 0.081389,
        "nauc_mrr_at_100_max": 0.005944,
        "nauc_mrr_at_100_std": 0.161834,
        "nauc_mrr_at_100_diff1": 0.073507,
        "nauc_mrr_at_1000_max": 0.013787,
        "nauc_mrr_at_1000_std": 0.16904,
        "nauc_mrr_at_1000_diff1": 0.070264,
        "main_score": 0.02236,
        "hf_subset": "default",
        "languages": [
          "eng-Latn"
        ]
      }
    ]
  },
  "evaluation_time": 38.22909379005432,
  "kg_co2_emissions": null
}