{
  "dataset_revision": "7b58f24536063837d644aab9a023c62199b2a612",
  "task_name": "TERRa",
  "mteb_version": "1.38.9",
  "scores": {
    "dev": [
      {
        "similarity_accuracy": 0.566775,
        "similarity_accuracy_threshold": 0.754983,
        "similarity_f1": 0.677346,
        "similarity_f1_threshold": 0.657859,
        "similarity_precision": 0.521127,
        "similarity_recall": 0.96732,
        "similarity_ap": 0.567841,
        "cosine_accuracy": 0.566775,
        "cosine_accuracy_threshold": 0.754982,
        "cosine_f1": 0.677346,
        "cosine_f1_threshold": 0.657857,
        "cosine_precision": 0.521127,
        "cosine_recall": 0.96732,
        "cosine_ap": 0.567841,
        "manhattan_accuracy": 0.57329,
        "manhattan_accuracy_threshold": 30.879091,
        "manhattan_f1": 0.678899,
        "manhattan_f1_threshold": 38.245071,
        "manhattan_precision": 0.522968,
        "manhattan_recall": 0.96732,
        "manhattan_ap": 0.573677,
        "euclidean_accuracy": 0.570033,
        "euclidean_accuracy_threshold": 0.665742,
        "euclidean_f1": 0.677346,
        "euclidean_f1_threshold": 0.826387,
        "euclidean_precision": 0.521127,
        "euclidean_recall": 0.96732,
        "euclidean_ap": 0.56843,
        "dot_accuracy": 0.570033,
        "dot_accuracy_threshold": 0.775277,
        "dot_f1": 0.680365,
        "dot_f1_threshold": 0.656536,
        "dot_precision": 0.522807,
        "dot_recall": 0.973856,
        "dot_ap": 0.568023,
        "max_accuracy": 0.57329,
        "max_f1": 0.680365,
        "max_precision": 0.522968,
        "max_recall": 0.973856,
        "max_ap": 0.573677,
        "main_score": 0.573677,
        "hf_subset": "default",
        "languages": [
          "rus-Cyrl"
        ]
      }
    ]
  },
  "evaluation_time": 3.436020851135254,
  "kg_co2_emissions": null
}