{
  "dataset_revision": "bb9466bac8153a0349341eb1b22e06409e78ef4e",
  "task_name": "TRECCOVID",
  "mteb_version": "1.38.9",
  "scores": {
    "test": [
      {
        "ndcg_at_1": 0.87,
        "ndcg_at_3": 0.88776,
        "ndcg_at_5": 0.8846,
        "ndcg_at_10": 0.86454,
        "ndcg_at_20": 0.83455,
        "ndcg_at_100": 0.69696,
        "ndcg_at_1000": 0.62407,
        "map_at_1": 0.00242,
        "map_at_3": 0.00722,
        "map_at_5": 0.01195,
        "map_at_10": 0.02275,
        "map_at_20": 0.04269,
        "map_at_100": 0.15053,
        "map_at_1000": 0.37005,
        "recall_at_1": 0.00242,
        "recall_at_3": 0.00744,
        "recall_at_5": 0.01242,
        "recall_at_10": 0.02391,
        "recall_at_20": 0.04588,
        "recall_at_100": 0.17651,
        "recall_at_1000": 0.59105,
        "precision_at_1": 0.92,
        "precision_at_3": 0.93333,
        "precision_at_5": 0.936,
        "precision_at_10": 0.916,
        "precision_at_20": 0.88,
        "precision_at_100": 0.724,
        "precision_at_1000": 0.27638,
        "mrr_at_1": 0.92,
        "mrr_at_3": 0.96,
        "mrr_at_5": 0.96,
        "mrr_at_10": 0.96,
        "mrr_at_20": 0.96,
        "mrr_at_100": 0.96,
        "mrr_at_1000": 0.96,
        "nauc_ndcg_at_1_max": 0.548717,
        "nauc_ndcg_at_1_std": 0.740777,
        "nauc_ndcg_at_1_diff1": -0.256529,
        "nauc_ndcg_at_3_max": 0.511718,
        "nauc_ndcg_at_3_std": 0.622577,
        "nauc_ndcg_at_3_diff1": -0.27925,
        "nauc_ndcg_at_5_max": 0.490306,
        "nauc_ndcg_at_5_std": 0.667375,
        "nauc_ndcg_at_5_diff1": -0.553902,
        "nauc_ndcg_at_10_max": 0.457383,
        "nauc_ndcg_at_10_std": 0.702672,
        "nauc_ndcg_at_10_diff1": -0.706209,
        "nauc_ndcg_at_20_max": 0.422936,
        "nauc_ndcg_at_20_std": 0.62428,
        "nauc_ndcg_at_20_diff1": -0.536873,
        "nauc_ndcg_at_100_max": 0.30045,
        "nauc_ndcg_at_100_std": 0.657211,
        "nauc_ndcg_at_100_diff1": -0.548726,
        "nauc_ndcg_at_1000_max": 0.229333,
        "nauc_ndcg_at_1000_std": 0.632191,
        "nauc_ndcg_at_1000_diff1": -0.328685,
        "nauc_map_at_1_max": 0.085456,
        "nauc_map_at_1_std": 0.1475,
        "nauc_map_at_1_diff1": 0.116291,
        "nauc_map_at_3_max": 0.097786,
        "nauc_map_at_3_std": 0.132761,
        "nauc_map_at_3_diff1": 0.165321,
        "nauc_map_at_5_max": 0.103944,
        "nauc_map_at_5_std": 0.142483,
        "nauc_map_at_5_diff1": 0.129821,
        "nauc_map_at_10_max": 0.149801,
        "nauc_map_at_10_std": 0.231871,
        "nauc_map_at_10_diff1": 0.010604,
        "nauc_map_at_20_max": 0.158038,
        "nauc_map_at_20_std": 0.243298,
        "nauc_map_at_20_diff1": 0.018828,
        "nauc_map_at_100_max": 0.233197,
        "nauc_map_at_100_std": 0.463445,
        "nauc_map_at_100_diff1": -0.145887,
        "nauc_map_at_1000_max": 0.200602,
        "nauc_map_at_1000_std": 0.63251,
        "nauc_map_at_1000_diff1": -0.336278,
        "nauc_recall_at_1_max": 0.085456,
        "nauc_recall_at_1_std": 0.1475,
        "nauc_recall_at_1_diff1": 0.116291,
        "nauc_recall_at_3_max": 0.056848,
        "nauc_recall_at_3_std": 0.07932,
        "nauc_recall_at_3_diff1": 0.214026,
        "nauc_recall_at_5_max": 0.051006,
        "nauc_recall_at_5_std": 0.080036,
        "nauc_recall_at_5_diff1": 0.179407,
        "nauc_recall_at_10_max": 0.083475,
        "nauc_recall_at_10_std": 0.152586,
        "nauc_recall_at_10_diff1": 0.087928,
        "nauc_recall_at_20_max": 0.07967,
        "nauc_recall_at_20_std": 0.142628,
        "nauc_recall_at_20_diff1": 0.125306,
        "nauc_recall_at_100_max": 0.138971,
        "nauc_recall_at_100_std": 0.329776,
        "nauc_recall_at_100_diff1": -0.004517,
        "nauc_recall_at_1000_max": 0.134936,
        "nauc_recall_at_1000_std": 0.500424,
        "nauc_recall_at_1000_diff1": -0.172217,
        "nauc_precision_at_1_max": 0.603875,
        "nauc_precision_at_1_std": 0.819094,
        "nauc_precision_at_1_diff1": -0.145308,
        "nauc_precision_at_3_max": 0.654995,
        "nauc_precision_at_3_std": 0.65989,
        "nauc_precision_at_3_diff1": -0.185514,
        "nauc_precision_at_5_max": 0.642004,
        "nauc_precision_at_5_std": 0.735865,
        "nauc_precision_at_5_diff1": -0.607241,
        "nauc_precision_at_10_max": 0.515452,
        "nauc_precision_at_10_std": 0.757353,
        "nauc_precision_at_10_diff1": -0.850506,
        "nauc_precision_at_20_max": 0.383108,
        "nauc_precision_at_20_std": 0.58849,
        "nauc_precision_at_20_diff1": -0.473734,
        "nauc_precision_at_100_max": 0.308768,
        "nauc_precision_at_100_std": 0.629547,
        "nauc_precision_at_100_diff1": -0.476886,
        "nauc_precision_at_1000_max": 0.09264,
        "nauc_precision_at_1000_std": 0.240914,
        "nauc_precision_at_1000_diff1": -0.30452,
        "nauc_mrr_at_1_max": 0.603875,
        "nauc_mrr_at_1_std": 0.819094,
        "nauc_mrr_at_1_diff1": -0.145308,
        "nauc_mrr_at_3_max": 0.603875,
        "nauc_mrr_at_3_std": 0.819094,
        "nauc_mrr_at_3_diff1": -0.145308,
        "nauc_mrr_at_5_max": 0.603875,
        "nauc_mrr_at_5_std": 0.819094,
        "nauc_mrr_at_5_diff1": -0.145308,
        "nauc_mrr_at_10_max": 0.603875,
        "nauc_mrr_at_10_std": 0.819094,
        "nauc_mrr_at_10_diff1": -0.145308,
        "nauc_mrr_at_20_max": 0.603875,
        "nauc_mrr_at_20_std": 0.819094,
        "nauc_mrr_at_20_diff1": -0.145308,
        "nauc_mrr_at_100_max": 0.603875,
        "nauc_mrr_at_100_std": 0.819094,
        "nauc_mrr_at_100_diff1": -0.145308,
        "nauc_mrr_at_1000_max": 0.603875,
        "nauc_mrr_at_1000_std": 0.819094,
        "nauc_mrr_at_1000_diff1": -0.145308,
        "main_score": 0.86454,
        "hf_subset": "default",
        "languages": [
          "eng-Latn"
        ]
      }
    ]
  },
  "evaluation_time": 5113.646798849106,
  "kg_co2_emissions": null
}