{
  "dataset_revision": "099ee143c7fdfa6bd7965be8c801cb161c313b29",
  "task_name": "TwitterHjerneRetrieval",
  "mteb_version": "1.38.9",
  "scores": {
    "train": [
      {
        "ndcg_at_1": 0.82051,
        "ndcg_at_3": 0.73728,
        "ndcg_at_5": 0.71997,
        "ndcg_at_10": 0.7501,
        "ndcg_at_20": 0.77363,
        "ndcg_at_100": 0.7995,
        "ndcg_at_1000": 0.81146,
        "map_at_1": 0.26282,
        "map_at_3": 0.56182,
        "map_at_5": 0.64053,
        "map_at_10": 0.67016,
        "map_at_20": 0.6822,
        "map_at_100": 0.68978,
        "map_at_1000": 0.69095,
        "recall_at_1": 0.26282,
        "recall_at_3": 0.59209,
        "recall_at_5": 0.69252,
        "recall_at_10": 0.76368,
        "recall_at_20": 0.82714,
        "recall_at_100": 0.92051,
        "recall_at_1000": 0.98718,
        "precision_at_1": 0.82051,
        "precision_at_3": 0.65812,
        "precision_at_5": 0.47436,
        "precision_at_10": 0.2641,
        "precision_at_20": 0.14295,
        "precision_at_100": 0.03205,
        "precision_at_1000": 0.00336,
        "mrr_at_1": 0.820513,
        "mrr_at_3": 0.858974,
        "mrr_at_5": 0.862179,
        "mrr_at_10": 0.864011,
        "mrr_at_20": 0.865978,
        "mrr_at_100": 0.866298,
        "mrr_at_1000": 0.866401,
        "nauc_ndcg_at_1_max": 0.852521,
        "nauc_ndcg_at_1_std": 0.493498,
        "nauc_ndcg_at_1_diff1": 0.606309,
        "nauc_ndcg_at_3_max": 0.612056,
        "nauc_ndcg_at_3_std": 0.347966,
        "nauc_ndcg_at_3_diff1": 0.334802,
        "nauc_ndcg_at_5_max": 0.589284,
        "nauc_ndcg_at_5_std": 0.266674,
        "nauc_ndcg_at_5_diff1": 0.292735,
        "nauc_ndcg_at_10_max": 0.617801,
        "nauc_ndcg_at_10_std": 0.264749,
        "nauc_ndcg_at_10_diff1": 0.316236,
        "nauc_ndcg_at_20_max": 0.62596,
        "nauc_ndcg_at_20_std": 0.296048,
        "nauc_ndcg_at_20_diff1": 0.340846,
        "nauc_ndcg_at_100_max": 0.64431,
        "nauc_ndcg_at_100_std": 0.339275,
        "nauc_ndcg_at_100_diff1": 0.350628,
        "nauc_ndcg_at_1000_max": 0.652558,
        "nauc_ndcg_at_1000_std": 0.336963,
        "nauc_ndcg_at_1000_diff1": 0.34916,
        "nauc_map_at_1_max": 0.192475,
        "nauc_map_at_1_std": -0.02614,
        "nauc_map_at_1_diff1": 0.286217,
        "nauc_map_at_3_max": 0.382275,
        "nauc_map_at_3_std": 0.114384,
        "nauc_map_at_3_diff1": 0.299395,
        "nauc_map_at_5_max": 0.521046,
        "nauc_map_at_5_std": 0.216689,
        "nauc_map_at_5_diff1": 0.238356,
        "nauc_map_at_10_max": 0.559094,
        "nauc_map_at_10_std": 0.22235,
        "nauc_map_at_10_diff1": 0.264677,
        "nauc_map_at_20_max": 0.563958,
        "nauc_map_at_20_std": 0.239008,
        "nauc_map_at_20_diff1": 0.276249,
        "nauc_map_at_100_max": 0.568816,
        "nauc_map_at_100_std": 0.248986,
        "nauc_map_at_100_diff1": 0.278625,
        "nauc_map_at_1000_max": 0.569198,
        "nauc_map_at_1000_std": 0.249026,
        "nauc_map_at_1000_diff1": 0.278511,
        "nauc_recall_at_1_max": 0.192475,
        "nauc_recall_at_1_std": -0.02614,
        "nauc_recall_at_1_diff1": 0.286217,
        "nauc_recall_at_3_max": 0.318501,
        "nauc_recall_at_3_std": 0.113446,
        "nauc_recall_at_3_diff1": 0.271793,
        "nauc_recall_at_5_max": 0.475934,
        "nauc_recall_at_5_std": 0.184147,
        "nauc_recall_at_5_diff1": 0.220561,
        "nauc_recall_at_10_max": 0.530895,
        "nauc_recall_at_10_std": 0.174533,
        "nauc_recall_at_10_diff1": 0.252265,
        "nauc_recall_at_20_max": 0.513976,
        "nauc_recall_at_20_std": 0.216371,
        "nauc_recall_at_20_diff1": 0.290167,
        "nauc_recall_at_100_max": 0.573899,
        "nauc_recall_at_100_std": 0.457261,
        "nauc_recall_at_100_diff1": 0.329542,
        "nauc_recall_at_1000_max": 0.868908,
        "nauc_recall_at_1000_std": 0.7209,
        "nauc_recall_at_1000_diff1": 0.123517,
        "nauc_precision_at_1_max": 0.852521,
        "nauc_precision_at_1_std": 0.493498,
        "nauc_precision_at_1_diff1": 0.606309,
        "nauc_precision_at_3_max": 0.569821,
        "nauc_precision_at_3_std": 0.402184,
        "nauc_precision_at_3_diff1": 0.221754,
        "nauc_precision_at_5_max": 0.54055,
        "nauc_precision_at_5_std": 0.366486,
        "nauc_precision_at_5_diff1": 0.084903,
        "nauc_precision_at_10_max": 0.522538,
        "nauc_precision_at_10_std": 0.349764,
        "nauc_precision_at_10_diff1": 0.08848,
        "nauc_precision_at_20_max": 0.472348,
        "nauc_precision_at_20_std": 0.389511,
        "nauc_precision_at_20_diff1": 0.099569,
        "nauc_precision_at_100_max": 0.375958,
        "nauc_precision_at_100_std": 0.407675,
        "nauc_precision_at_100_diff1": 0.039354,
        "nauc_precision_at_1000_max": 0.337841,
        "nauc_precision_at_1000_std": 0.407784,
        "nauc_precision_at_1000_diff1": -0.006051,
        "nauc_mrr_at_1_max": 0.852521,
        "nauc_mrr_at_1_std": 0.493498,
        "nauc_mrr_at_1_diff1": 0.606309,
        "nauc_mrr_at_3_max": 0.837881,
        "nauc_mrr_at_3_std": 0.518242,
        "nauc_mrr_at_3_diff1": 0.549711,
        "nauc_mrr_at_5_max": 0.840717,
        "nauc_mrr_at_5_std": 0.509742,
        "nauc_mrr_at_5_diff1": 0.567218,
        "nauc_mrr_at_10_max": 0.840321,
        "nauc_mrr_at_10_std": 0.504697,
        "nauc_mrr_at_10_diff1": 0.561139,
        "nauc_mrr_at_20_max": 0.843191,
        "nauc_mrr_at_20_std": 0.504672,
        "nauc_mrr_at_20_diff1": 0.563191,
        "nauc_mrr_at_100_max": 0.842798,
        "nauc_mrr_at_100_std": 0.504548,
        "nauc_mrr_at_100_diff1": 0.564291,
        "nauc_mrr_at_1000_max": 0.842672,
        "nauc_mrr_at_1000_std": 0.504151,
        "nauc_mrr_at_1000_diff1": 0.564165,
        "main_score": 0.7501,
        "hf_subset": "default",
        "languages": [
          "dan-Latn"
        ]
      }
    ]
  },
  "evaluation_time": 3.2404935359954834,
  "kg_co2_emissions": null
}