{
  "dataset_revision": "e25c91bc31859606507a968559ab1de0f472d007",
  "task_name": "VoyageMMarcoReranking",
  "mteb_version": "1.38.9",
  "scores": {
    "test": [
      {
        "map": 0.695219,
        "mrr": 0.700955,
        "nAUC_map_max": 0.046757,
        "nAUC_map_std": 0.218287,
        "nAUC_map_diff1": 0.680643,
        "nAUC_mrr_max": 0.054093,
        "nAUC_mrr_std": 0.228926,
        "nAUC_mrr_diff1": 0.665608,
        "main_score": 0.695219,
        "hf_subset": "default",
        "languages": [
          "jpn-Jpan"
        ]
      }
    ]
  },
  "evaluation_time": 696.4447784423828,
  "kg_co2_emissions": null
}