{
  "dataset_revision": "f74c094f321077cf909ddfb8bccc1b5912a4ac28",
  "task_name": "WinoGrande",
  "mteb_version": "1.38.9",
  "scores": {
    "test": [
      {
        "ndcg_at_1": 0.18627,
        "ndcg_at_3": 0.33793,
        "ndcg_at_5": 0.38861,
        "ndcg_at_10": 0.44891,
        "ndcg_at_20": 0.47709,
        "ndcg_at_100": 0.49404,
        "ndcg_at_1000": 0.49848,
        "map_at_1": 0.18627,
        "map_at_3": 0.29966,
        "map_at_5": 0.32776,
        "map_at_10": 0.35268,
        "map_at_20": 0.36065,
        "map_at_100": 0.36331,
        "map_at_1000": 0.3635,
        "recall_at_1": 0.18627,
        "recall_at_3": 0.44909,
        "recall_at_5": 0.57222,
        "recall_at_10": 0.75848,
        "recall_at_20": 0.86819,
        "recall_at_100": 0.95501,
        "recall_at_1000": 0.98895,
        "precision_at_1": 0.18627,
        "precision_at_3": 0.1497,
        "precision_at_5": 0.11444,
        "precision_at_10": 0.07585,
        "precision_at_20": 0.04341,
        "precision_at_100": 0.00955,
        "precision_at_1000": 0.00099,
        "mrr_at_1": 0.186267,
        "mrr_at_3": 0.299658,
        "mrr_at_5": 0.327756,
        "mrr_at_10": 0.352682,
        "mrr_at_20": 0.360652,
        "mrr_at_100": 0.363315,
        "mrr_at_1000": 0.363497,
        "nauc_ndcg_at_1_max": -0.035054,
        "nauc_ndcg_at_1_std": -0.1559,
        "nauc_ndcg_at_1_diff1": 0.100298,
        "nauc_ndcg_at_3_max": -0.11649,
        "nauc_ndcg_at_3_std": -0.27941,
        "nauc_ndcg_at_3_diff1": 0.037657,
        "nauc_ndcg_at_5_max": -0.137572,
        "nauc_ndcg_at_5_std": -0.310187,
        "nauc_ndcg_at_5_diff1": 0.027422,
        "nauc_ndcg_at_10_max": -0.143637,
        "nauc_ndcg_at_10_std": -0.310045,
        "nauc_ndcg_at_10_diff1": 0.032466,
        "nauc_ndcg_at_20_max": -0.132108,
        "nauc_ndcg_at_20_std": -0.284123,
        "nauc_ndcg_at_20_diff1": 0.040362,
        "nauc_ndcg_at_100_max": -0.123987,
        "nauc_ndcg_at_100_std": -0.271094,
        "nauc_ndcg_at_100_diff1": 0.042653,
        "nauc_ndcg_at_1000_max": -0.123147,
        "nauc_ndcg_at_1000_std": -0.270656,
        "nauc_ndcg_at_1000_diff1": 0.044082,
        "nauc_map_at_1_max": -0.035054,
        "nauc_map_at_1_std": -0.1559,
        "nauc_map_at_1_diff1": 0.100298,
        "nauc_map_at_3_max": -0.101011,
        "nauc_map_at_3_std": -0.252259,
        "nauc_map_at_3_diff1": 0.049417,
        "nauc_map_at_5_max": -0.11279,
        "nauc_map_at_5_std": -0.269011,
        "nauc_map_at_5_diff1": 0.043719,
        "nauc_map_at_10_max": -0.114415,
        "nauc_map_at_10_std": -0.266765,
        "nauc_map_at_10_diff1": 0.046597,
        "nauc_map_at_20_max": -0.111072,
        "nauc_map_at_20_std": -0.259613,
        "nauc_map_at_20_diff1": 0.048883,
        "nauc_map_at_100_max": -0.109827,
        "nauc_map_at_100_std": -0.257334,
        "nauc_map_at_100_diff1": 0.049303,
        "nauc_map_at_1000_max": -0.109798,
        "nauc_map_at_1000_std": -0.257303,
        "nauc_map_at_1000_diff1": 0.049346,
        "nauc_recall_at_1_max": -0.035054,
        "nauc_recall_at_1_std": -0.1559,
        "nauc_recall_at_1_diff1": 0.100298,
        "nauc_recall_at_3_max": -0.155283,
        "nauc_recall_at_3_std": -0.348928,
        "nauc_recall_at_3_diff1": 0.008244,
        "nauc_recall_at_5_max": -0.207455,
        "nauc_recall_at_5_std": -0.427704,
        "nauc_recall_at_5_diff1": -0.017835,
        "nauc_recall_at_10_max": -0.262812,
        "nauc_recall_at_10_std": -0.487108,
        "nauc_recall_at_10_diff1": -0.021135,
        "nauc_recall_at_20_max": -0.252829,
        "nauc_recall_at_20_std": -0.403431,
        "nauc_recall_at_20_diff1": 0.003165,
        "nauc_recall_at_100_max": -0.253971,
        "nauc_recall_at_100_std": -0.296688,
        "nauc_recall_at_100_diff1": -0.006531,
        "nauc_recall_at_1000_max": -0.509597,
        "nauc_recall_at_1000_std": -0.323381,
        "nauc_recall_at_1000_diff1": 0.078502,
        "nauc_precision_at_1_max": -0.035054,
        "nauc_precision_at_1_std": -0.1559,
        "nauc_precision_at_1_diff1": 0.100298,
        "nauc_precision_at_3_max": -0.155283,
        "nauc_precision_at_3_std": -0.348928,
        "nauc_precision_at_3_diff1": 0.008244,
        "nauc_precision_at_5_max": -0.207455,
        "nauc_precision_at_5_std": -0.427704,
        "nauc_precision_at_5_diff1": -0.017835,
        "nauc_precision_at_10_max": -0.262812,
        "nauc_precision_at_10_std": -0.487108,
        "nauc_precision_at_10_diff1": -0.021135,
        "nauc_precision_at_20_max": -0.252829,
        "nauc_precision_at_20_std": -0.403431,
        "nauc_precision_at_20_diff1": 0.003165,
        "nauc_precision_at_100_max": -0.253971,
        "nauc_precision_at_100_std": -0.296688,
        "nauc_precision_at_100_diff1": -0.006531,
        "nauc_precision_at_1000_max": -0.509597,
        "nauc_precision_at_1000_std": -0.323381,
        "nauc_precision_at_1000_diff1": 0.078502,
        "nauc_mrr_at_1_max": -0.035054,
        "nauc_mrr_at_1_std": -0.1559,
        "nauc_mrr_at_1_diff1": 0.100298,
        "nauc_mrr_at_3_max": -0.101011,
        "nauc_mrr_at_3_std": -0.252259,
        "nauc_mrr_at_3_diff1": 0.049417,
        "nauc_mrr_at_5_max": -0.11279,
        "nauc_mrr_at_5_std": -0.269011,
        "nauc_mrr_at_5_diff1": 0.043719,
        "nauc_mrr_at_10_max": -0.114415,
        "nauc_mrr_at_10_std": -0.266765,
        "nauc_mrr_at_10_diff1": 0.046597,
        "nauc_mrr_at_20_max": -0.111072,
        "nauc_mrr_at_20_std": -0.259613,
        "nauc_mrr_at_20_diff1": 0.048883,
        "nauc_mrr_at_100_max": -0.109827,
        "nauc_mrr_at_100_std": -0.257334,
        "nauc_mrr_at_100_diff1": 0.049303,
        "nauc_mrr_at_1000_max": -0.109798,
        "nauc_mrr_at_1000_std": -0.257303,
        "nauc_mrr_at_1000_diff1": 0.049346,
        "main_score": 0.44891,
        "hf_subset": "default",
        "languages": [
          "eng-Latn"
        ]
      }
    ]
  },
  "evaluation_time": 12.797738075256348,
  "kg_co2_emissions": null
}